,subgroep_id,dagen_na,bedekking(%),hoogte(m),effectieve_valhoogte(m)
0,0,0,0,0,0
0,0,1,0,0,0
9,0,2000,0,0,0
0,1001,0,0,0.01,0
1,1001,7,1,0.03,0.01
2,1001,14,4,0.11,0.04
3,1001,21,13,0.38,0.15
4,1001,28,38,1.08,0.43
5,1001,35,69,1.97,0.79
6,1001,42,87,2.48,0.99
7,1001,49,93,2.64,1.06
8,1001,56,94,2.69,1.07
9,1001,2000,94,2.69,1.07
10,1002,0,0,0.01,0
11,1002,7,1,0.03,0.01
12,1002,14,4,0.11,0.04
13,1002,21,13,0.38,0.15
14,1002,28,38,1.08,0.43
15,1002,35,69,1.97,0.79
16,1002,42,87,2.48,0.99
17,1002,49,93,2.64,1.06
18,1002,56,94,2.69,1.07
19,1002,2000,94,2.69,1.07
20,2001,0,0,0,0
21,2001,7,1.65,0.03,0.02
22,2001,14,2.35,0.06,0.02
23,2001,21,2.59,0.07,0.03
24,2001,28,4.23,0.12,0.05
25,2001,35,7.05,0.29,0.12
26,2001,42,12.46,0.62,0.24
27,2001,49,23.15,1.22,0.48
28,2001,56,40.89,1.85,0.74
29,2001,63,59.1,2.33,0.93
30,2001,70,76.38,2.58,1.03
31,2001,77,84.6,2.64,1.05
32,2001,84,89.3,2.67,1.06
33,2001,91,91.36,2.68,1.07
34,2001,98,93.41,2.69,1.07
35,2001,105,94,2.69,1.07
36,2001,112,94,2.69,1.07
37,2001,2000,94,2.69,1.07
43,1003,0,0,0,0
44,1003,7,0,0,0
45,1003,14,0,0.01,0.01
46,1003,21,0,0.01,0.01
47,1003,28,1,0.02,0.01
48,1003,35,3,0.03,0.02
49,1003,42,9,0.09,0.06
50,1003,49,19,0.21,0.14
51,1003,56,37,0.43,0.29
52,1003,63,58,0.61,0.41
53,1003,70,77,0.74,0.49
54,1003,77,91,0.79,0.53
55,1003,84,96,0.8,0.53
56,1003,91,98,0.8,0.54
57,1003,98,100,0.81,0.54
58,1003,105,100,0.81,0.54
59,1003,2000,100,0.81,0.54
60,1006,0,0,0,0
61,1006,7,1,0,0
62,1006,14,2,0.01,0
63,1006,21,5,0.01,0
64,1006,28,14,0.02,0.01
65,1006,35,32,0.05,0.02
66,1006,42,57,0.1,0.03
67,1006,49,79,0.17,0.06
68,1006,56,92,0.26,0.09
69,1006,63,97,0.35,0.12
70,1006,70,100,0.42,0.14
71,1006,77,100,0.46,0.16
72,1006,84,100,0.48,0.16
73,1006,91,100,0.49,0.17
74,1006,98,100,0.5,0.17
75,1006,105,100,0.5,0.17
76,1006,2000,100,0.5,0.17
77,2006,0,0,0,0
78,2006,7,0,0.01,0
79,2006,14,0.43,0.01,0
80,2006,21,1.3,0.02,0.01
81,2006,28,2.83,0.02,0.01
82,2006,35,5.98,0.03,0.01
83,2006,42,11.09,0.05,0.02
84,2006,49,19.46,0.09,0.03
85,2006,56,33.7,0.14,0.05
86,2006,63,49.89,0.21,0.07
87,2006,70,67.39,0.29,0.1
88,2006,77,79.57,0.36,0.12
89,2006,84,87.39,0.41,0.14
90,2006,91,91.96,0.44,0.15
91,2006,98,96.52,0.47,0.16
92,2006,105,98.91,0.49,0.17
93,2006,112,100,0.5,0.17
94,2006,119,100,0.5,0.17
95,2006,126,100,0.5,0.17
96,2006,133,100,0.5,0.17
97,2006,2000,100,0.5,0.17
98,1007,0,0,0,0
99,1007,7,0,0.01,0
100,1007,14,0,0.02,0
101,1007,21,1,0.02,0.01
102,1007,28,3,0.03,0.01
103,1007,35,6,0.04,0.02
104,1007,42,10,0.07,0.02
105,1007,49,18,0.11,0.04
106,1007,56,31,0.18,0.06
107,1007,63,46,0.26,0.09
108,1007,70,62,0.36,0.12
109,1007,77,73,0.45,0.15
110,1007,84,80,0.51,0.17
111,1007,91,85,0.55,0.18
112,1007,98,89,0.59,0.2
113,1007,105,91,0.6,0.2
114,1007,112,91,0.61,0.21
115,1007,119,92,0.62,0.21
116,1007,126,92,0.62,0.21
117,1007,133,92,0.62,0.21
118,1007,140,92,0.62,0.21
119,1007,147,92,0.62,0.21
120,1007,154,92,0.62,0.21
121,1007,161,92,0.62,0.21
122,1007,168,92,0.62,0.21
123,1007,2000,92,0.62,0.21
124,1008,0,0,,0
125,1008,7,5,,0.02
126,1008,14,14,,0.04
127,1008,21,25,,0.06
128,1008,28,25,,0.06
129,1008,35,25,,0.06
130,1008,42,25,,0.06
131,1008,49,25,,0.06
132,1008,56,25,,0.06
133,1008,63,25,,0.06
134,1008,70,25,,0.06
135,1008,77,25,,0.06
136,1008,84,25,,0.06
137,1008,91,25,,0.06
138,1008,98,25,,0.06
139,1008,105,25,,0.06
140,1008,112,25,,0.06
141,1008,119,25,,0.06
142,1008,126,25,,0.06
143,1008,133,25,,0.06
144,1008,140,25,,0.06
145,1008,147,25,,0.06
146,1008,154,25,,0.06
147,1008,161,25,,0.06
148,1008,168,27,,0.06
149,1008,175,29,,0.07
150,1008,182,32,,0.07
151,1008,189,37,,0.09
152,1008,196,42,,0.1
153,1008,203,48,,0.12
154,1008,210,55,,0.16
155,1008,217,62,,0.19
156,1008,224,70,,0.23
157,1008,231,79,,0.29
158,1008,238,88,,0.35
159,1008,2000,88,,0.35
160,2008,0,0,,0
161,2008,7,4,,0.01
162,2008,14,5,,0.02
163,2008,21,5,,0.02
164,2008,28,5,,0.02
165,2008,35,5,,0.02
166,2008,42,5,,0.02
167,2008,49,5,,0.02
168,2008,56,5,,0.02
169,2008,63,5,,0.02
170,2008,70,5,,0.02
171,2008,77,5,,0.02
172,2008,84,5,,0.02
173,2008,91,5,,0.02
174,2008,98,5,,0.02
175,2008,105,5,,0.02
176,2008,112,5,,0.02
177,2008,119,5,,0.02
178,2008,126,5,,0.02
179,2008,133,5,,0.02
180,2008,140,5,,0.02
181,2008,147,5,,0.02
182,2008,154,5,,0.02
183,2008,161,5,,0.02
184,2008,168,7,,0.02
185,2008,175,9,,0.03
186,2008,182,12,,0.03
187,2008,189,19,,0.05
188,2008,196,26,,0.06
189,2008,203,33,,0.08
190,2008,210,40,,0.1
191,2008,217,47,,0.12
192,2008,224,56,,0.16
193,2008,231,65,,0.21
194,2008,238,75,,0.26
195,2008,245,85,,0.32
196,2008,2000,85,,0.32
197,1009,0,0,,0
198,1009,7,5,,0.02
199,1009,14,15,,0.05
200,1009,21,32,,0.08
201,1009,28,58,,0.17
202,1009,35,66,,0.2
203,1009,42,66,,0.2
204,1009,49,66,,0.2
205,1009,56,66,,0.2
206,1009,63,66,,0.2
207,1009,70,66,,0.2
208,1009,77,66,,0.2
209,1009,84,66,,0.2
210,1009,91,66,,0.2
211,1009,98,66,,0.2
212,1009,105,66,,0.2
213,1009,112,66,,0.2
214,1009,119,66,,0.2
215,1009,126,66,,0.2
216,1009,133,66,,0.2
217,1009,140,66,,0.2
218,1009,147,66,,0.2
219,1009,154,66,,0.2
220,1009,161,66,,0.2
221,1009,168,66,,0.2
222,1009,175,66,,0.2
223,1009,182,67,,0.21
224,1009,189,70,,0.22
225,1009,196,73,,0.24
226,1009,203,77,,0.27
227,1009,210,83,,0.31
228,1009,217,89,,0.35
229,1009,224,91,,0.37
230,1009,231,91,,0.37
231,1009,238,91,,0.37
232,1009,2000,91,,0.37
233,1010,0,0,0,0
234,1010,7,0,0.01,0
235,1010,14,0,0.01,0
236,1010,21,0,0.02,0.01
237,1010,28,0,0.03,0.01
238,1010,35,1,0.04,0.02
239,1010,42,4,0.06,0.02
240,1010,49,9,0.08,0.03
241,1010,56,26,0.12,0.04
242,1010,63,48,0.17,0.06
243,1010,70,73,0.24,0.08
244,1010,77,85,0.32,0.11
245,1010,84,91,0.41,0.14
246,1010,91,93,0.5,0.16
247,1010,98,95,0.59,0.19
248,1010,105,95,0.65,0.21
249,1010,112,95,0.7,0.23
250,1010,119,95,0.75,0.25
251,1010,126,95,0.77,0.25
252,1010,133,95,0.78,0.26
253,1010,140,95,0.8,0.26
254,1010,147,95,0.81,0.27
255,1010,154,95,0.82,0.27
256,1010,161,95,0.82,0.27
257,1010,168,95,0.82,0.27
258,1010,2000,95,0.82,0.27
259,1013,0,0,,0
260,1013,7,9,,0.01
261,1013,14,18,,0.03
262,1013,21,27,,0.04
263,1013,28,35,,0.06
264,1013,35,43,,0.09
265,1013,42,50,,0.12
266,1013,49,56,,0.16
267,1013,56,62,,0.19
268,1013,63,67,,0.22
269,1013,70,72,,0.25
270,1013,77,76,,0.27
271,1013,84,80,,0.29
272,1013,91,82,,0.3
273,1013,98,85,,0.32
274,1013,105,88,,0.32
275,1013,112,90,,0.33
276,1013,119,92,,0.33
277,1013,126,93,,0.33
278,1013,133,95,,0.33
279,1013,140,96,,0.33
280,1013,147,97,,0.33
281,1013,154,97,,0.33
282,1013,2000,97,,0.33
283,1014,0,0,,0
284,1014,7,1,,0.01
285,1014,14,5,,0.03
286,1014,21,11,,0.05
287,1014,28,20,,0.07
288,1014,35,31,,0.1
289,1014,42,44,,0.13
290,1014,49,60,,0.15
291,1014,56,75,,0.17
292,1014,63,86,,0.19
293,1014,70,92,,0.2
294,1014,77,98,,0.21
295,1014,84,94,,0.23
296,1014,91,82,,0.24
297,1014,98,71,,0.25
298,1014,105,52,,0.25
299,1014,112,52,,0.25
300,1014,119,52,,0.26
301,1014,126,52,,0.26
302,1014,133,52,,0.26
303,1014,140,52,,0.26
304,1014,2000,52,,0.26
305,1015,0,0,0.02,0.01
306,1015,7,0,0.06,0.02
307,1015,14,1,0.25,0.08
308,1015,21,1,0.92,0.31
309,1015,28,3,2.61,0.87
310,1015,35,5,4.75,1.58
311,1015,42,8,5.96,1.98
312,1015,49,14,6.36,2.11
313,1015,56,23,6.46,2.15
314,1015,63,35,6.49,2.16
315,1015,70,50,6.5,2.16
316,1015,77,65,6.5,2.16
317,1015,84,77,6.5,2.16
318,1015,91,86,6.5,2.16
319,1015,98,92,6.5,2.16
320,1015,105,95,6.5,2.16
321,1015,112,97,6.5,2.16
322,1015,119,100,6.5,2.16
323,1015,126,100,6.5,2.16
324,1015,133,100,6.5,2.16
325,1015,140,100,6.5,2.16
326,1015,2000,100,6.5,2.16
327,1016,0,0,,0
328,1016,7,1,,0
329,1016,14,4,,0
330,1016,21,14,,0
331,1016,28,40,,0.01
332,1016,35,73,,0.02
333,1016,42,92,,0.03
334,1016,49,98,,0.03
335,1016,56,100,,0.03
336,1016,2000,100,,0.03
337,2016,0,0,,0
338,2016,7,4,,0.02
339,2016,14,7,,0.03
340,2016,21,11,,0.03
341,2016,28,17,,0.03
342,2016,35,38,,0.03
343,2016,42,65,,0.03
344,2016,49,91,,0.03
345,2016,56,97,,0.03
346,2016,63,98,,0.03
347,2016,70,100,,0.03
348,2016,77,100,,0.03
349,2016,84,100,,0.03
350,2016,91,100,,0.03
351,2016,98,100,,0.03
352,2016,105,100,,0.03
353,2016,112,100,,0.03
354,2016,119,100,,0.03
355,2016,126,100,,0.03
356,2016,133,100,,0.03
357,2016,140,100,,0.03
358,2016,147,100,,0.03
359,2016,154,100,,0.03
360,2016,161,100,,0.03
361,2016,168,100,,0.03
362,2016,175,100,,0.03
363,2016,182,100,,0.03
364,2016,189,100,,0.03
365,2016,196,100,,0.03
366,2016,203,100,,0.03
367,2016,210,100,,0.03
368,2016,217,100,,0.03
369,2016,224,100,,0.03
370,2016,231,100,,0.03
371,2016,238,100,,0.03
372,2016,2000,100,,0.03
373,3016,0,0,,0
374,3016,7,4,,0.02
375,3016,14,7,,0.03
376,3016,21,11,,0.03
377,3016,28,17,,0.03
378,3016,35,31,,0.03
379,3016,42,47,,0.03
380,3016,49,63,,0.03
381,3016,56,65,,0.03
382,3016,63,65,,0.03
383,3016,70,65,,0.03
384,3016,77,65,,0.03
385,3016,84,65,,0.03
386,3016,91,65,,0.03
387,3016,98,65,,0.03
388,3016,105,65,,0.03
389,3016,112,65,,0.03
390,3016,119,65,,0.03
391,3016,126,65,,0.03
392,3016,133,65,,0.03
393,3016,140,65,,0.03
394,3016,147,65,,0.03
395,3016,154,65,,0.03
396,3016,161,65,,0.03
397,3016,168,65,,0.03
398,3016,175,65,,0.03
399,3016,182,66,,0.03
400,3016,189,70,,0.03
401,3016,196,73,,0.03
402,3016,203,77,,0.03
403,3016,210,80,,0.03
404,3016,217,84,,0.03
405,3016,224,88,,0.03
406,3016,231,93,,0.03
407,3016,238,100,,0.03
408,3016,2000,100,,0.03
409,4016,0,0,,0
410,4016,7,4,,0.02
411,4016,14,7,,0.03
412,4016,21,11,,0.03
413,4016,28,14,,0.03
414,4016,35,15,,0.03
415,4016,42,15,,0.03
416,4016,49,15,,0.03
417,4016,56,15,,0.03
418,4016,63,15,,0.03
419,4016,70,15,,0.03
420,4016,77,15,,0.03
421,4016,84,15,,0.03
422,4016,91,15,,0.03
423,4016,98,15,,0.03
424,4016,105,15,,0.03
425,4016,112,15,,0.03
426,4016,119,15,,0.03
427,4016,126,15,,0.03
428,4016,133,15,,0.03
429,4016,140,15,,0.03
430,4016,147,15,,0.03
431,4016,154,15,,0.03
432,4016,161,16,,0.03
433,4016,168,21,,0.03
434,4016,175,26,,0.03
435,4016,182,32,,0.03
436,4016,189,37,,0.03
437,4016,196,42,,0.03
438,4016,203,47,,0.03
439,4016,210,53,,0.03
440,4016,217,58,,0.03
441,4016,224,65,,0.03
442,4016,231,74,,0.03
443,4016,238,83,,0.03
444,4016,245,93,,0.03
445,4016,2000,93,,0.03
446,5016,0,0,,0
447,5016,7,4,,0.02
448,5016,14,5,,0.03
449,5016,21,5,,0.03
450,5016,28,5,,0.03
451,5016,35,5,,0.03
452,5016,42,5,,0.03
453,5016,49,5,,0.03
454,5016,56,5,,0.03
455,5016,63,5,,0.03
456,5016,70,5,,0.03
457,5016,77,5,,0.03
458,5016,84,5,,0.03
459,5016,91,5,,0.03
460,5016,98,5,,0.03
461,5016,105,5,,0.03
462,5016,112,5,,0.03
463,5016,119,5,,0.03
464,5016,126,5,,0.03
465,5016,133,5,,0.03
466,5016,140,6,,0.03
467,5016,147,7,,0.03
468,5016,154,8,,0.03
469,5016,161,10,,0.03
470,5016,168,15,,0.03
471,5016,175,20,,0.03
472,5016,182,24,,0.03
473,5016,189,29,,0.03
474,5016,196,34,,0.03
475,5016,203,40,,0.03
476,5016,210,46,,0.03
477,5016,217,52,,0.03
478,5016,224,60,,0.03
479,5016,231,69,,0.03
480,5016,238,78,,0.03
481,5016,245,90,,0.03
482,5016,2000,90,,0.03
483,1018,0,0,,0
484,1018,7,4,,0
485,1018,14,7,,0
486,1018,21,8,,0
487,1018,28,8,,0
488,1018,35,8,,0
489,1018,42,9,,0
490,1018,49,9,,0
491,1018,56,9,,0
492,1018,63,9,,0
493,1018,70,10,,0
494,1018,77,10,,0
495,1018,84,11,,0
496,1018,91,11,,0
497,1018,98,12,,0
498,1018,105,13,,0
499,1018,112,14,,0
500,1018,119,15,,0
501,1018,126,17,,0
502,1018,133,19,,0.01
503,1018,140,21,,0.01
504,1018,147,23,,0.02
505,1018,154,26,,0.03
506,1018,161,30,,0.03
507,1018,168,34,,0.04
508,1018,175,38,,0.05
509,1018,182,43,,0.06
510,1018,189,49,,0.08
511,1018,196,54,,0.09
512,1018,203,60,,0.1
513,1018,210,66,,0.11
514,1018,217,72,,0.12
515,1018,224,77,,0.13
516,1018,231,83,,0.14
517,1018,238,88,,0.15
518,1018,245,93,,0.15
519,1018,252,96,,0.16
520,1018,259,100,,0.16
521,1018,266,100,,0.16
522,1018,2000,100,,0.16
523,1019,0,0,,0
524,1019,7,1,,0.01
525,1019,14,2,,0.02
526,1019,21,4,,0.02
527,1019,28,6,,0.03
528,1019,35,18,,0.03
529,1019,42,33,,0.03
530,1019,49,48,,0.04
531,1019,56,62,,0.05
532,1019,63,74,,0.06
533,1019,70,83,,0.06
534,1019,77,91,,0.06
535,1019,84,96,,0.06
536,1019,91,100,,0.06
537,1019,98,100,,0.06
538,1019,105,100,,0.06
539,1019,112,100,,0.06
540,1019,119,100,,0.06
541,1019,126,100,,0.06
542,1019,133,100,,0.06
543,1019,140,100,,0.06
544,1019,147,100,,0.06
545,1019,154,100,,0.06
546,1019,161,100,,0.06
547,1019,168,100,,0.06
548,1019,175,100,,0.06
549,1019,2000,100,,0.06
550,1025,0,0,0,0
551,1025,7,0,0,0
552,1025,14,1,0.01,0
553,1025,21,2,0.03,0.01
554,1025,28,3,0.07,0.02
555,1025,35,7,0.15,0.05
556,1025,42,13,0.28,0.09
557,1025,49,22,0.44,0.14
558,1025,56,34,0.57,0.19
559,1025,63,46,0.64,0.21
560,1025,70,54,0.68,0.22
561,1025,77,60,0.69,0.23
562,1025,84,62,0.7,0.23
563,1025,91,64,0.7,0.23
564,1025,98,64,0.7,0.23
565,1025,105,65,0.7,0.23
566,1025,2000,65,0.7,0.23
567,1026,0,0,,0
568,1026,7,2,,0.02
569,1026,14,3,,0.03
570,1026,21,4,,0.04
571,1026,28,6,,0.06
572,1026,35,9,,0.1
573,1026,42,11,,0.15
574,1026,49,13,,0.21
575,1026,56,15,,0.27
576,1026,63,16,,0.3
577,1026,70,17,,0.32
578,1026,77,18,,0.33
579,1026,84,17,,0.28
580,1026,91,15,,0.2
581,1026,98,13,,0.12
582,1026,105,10,,0.05
583,1026,112,10,,0.05
584,1026,119,10,,0.05
585,1026,126,10,,0.05
586,1026,133,10,,0.05
587,1026,140,10,,0.05
588,1026,2000,10,,0.05
589,1027,0,0,0,0
590,1027,7,0,0,0
591,1027,14,0,0,0
592,1027,21,0,0,0
593,1027,28,0,0,0
594,1027,35,1,0,0
595,1027,42,1,0,0
596,1027,49,3,0.01,0
597,1027,56,6,0.02,0.01
598,1027,63,12,0.03,0.01
599,1027,70,21,0.06,0.02
600,1027,77,34,0.1,0.03
601,1027,84,49,0.15,0.05
602,1027,91,63,0.19,0.06
,1027,98,75,0.23,0.08
,1027,105,87,0.26,0.09
,1027,112,94,0.28,0.09
,1027,119,98,0.29,0.1
,1027,126,100,0.3,0.1
,1027,133,100,0.3,0.1
,1027,140,100,0.3,0.1
,1027,2000,100,0.3,0.1
559,1031,0,0,0,0
560,1031,7,1,0.03,0.01
561,1031,14,2,0.05,0.01
562,1031,21,3,0.08,0.02
563,1031,28,5,0.13,0.04
564,1031,35,10,0.21,0.07
565,1031,42,18,0.3,0.1
566,1031,49,34,0.4,0.14
567,1031,56,51,0.48,0.16
568,1031,63,65,0.54,0.18
569,1031,70,73,0.58,0.19
570,1031,77,75,0.6,0.2
571,1031,84,76,0.61,0.2
572,1031,91,77,0.61,0.21
573,1031,98,77,0.62,0.21
574,1031,105,77,0.62,0.21
575,1031,112,78,0.62,0.21
576,1031,119,78,0.62,0.21
577,1031,126,78,0.62,0.21
578,1031,133,78,0.62,0.21
579,1031,140,78,0.62,0.21
580,1031,147,78,0.62,0.21
581,1031,154,78,0.62,0.21
582,1031,161,78,0.62,0.21
583,1031,168,78,0.62,0.21
584,1031,2000,78,0.62,0.21
585,1032,0,0,0,0
586,1032,7,1,0.03,0.01
587,1032,14,2,0.05,0.01
588,1032,21,3,0.08,0.02
589,1032,28,5,0.13,0.04
590,1032,35,10,0.21,0.07
591,1032,42,18,0.3,0.1
592,1032,49,34,0.4,0.14
593,1032,56,51,0.48,0.16
594,1032,63,65,0.54,0.18
595,1032,70,73,0.58,0.19
596,1032,77,75,0.6,0.2
597,1032,84,76,0.61,0.2
598,1032,91,77,0.61,0.21
599,1032,98,77,0.62,0.21
600,1032,105,77,0.62,0.21
601,1032,112,78,0.62,0.21
602,1032,119,78,0.62,0.21
603,1032,126,78,0.62,0.21
604,1032,133,78,0.62,0.21
605,1032,140,78,0.62,0.21
606,1032,147,78,0.62,0.21
607,1032,154,78,0.62,0.21
608,1032,161,78,0.62,0.21
609,1032,168,78,0.62,0.21
610,1032,2000,78,0.62,0.21
611,1033,0,0,0,0
612,1033,7,0,0,0
613,1033,14,0,0,0
614,1033,21,1,0.01,0
615,1033,28,2,0.01,0.01
616,1033,35,3,0.03,0.01
617,1033,42,6,0.05,0.03
618,1033,49,12,0.09,0.05
619,1033,56,22,0.18,0.09
620,1033,63,40,0.32,0.16
621,1033,70,59,0.47,0.24
622,1033,77,71,0.57,0.28
623,1033,84,75,0.6,0.3
624,1033,2000,75,0.6,0.3
625,2033,0,0,0,0
626,2033,7,0,0,0
627,2033,14,0,0,0
628,2033,21,1,0.01,0
629,2033,28,2,0.02,0.01
630,2033,35,4,0.03,0.02
631,2033,42,7,0.05,0.03
632,2033,49,11,0.09,0.04
633,2033,56,18,0.14,0.07
634,2033,63,28,0.22,0.11
635,2033,70,41,0.33,0.16
636,2033,77,55,0.44,0.22
637,2033,84,66,0.52,0.26
638,2033,91,72,0.57,0.29
639,2033,98,75,0.6,0.3
640,2033,2000,75,0.6,0.3
641,3033,0,0,0,0
642,3033,7,0,0,0
643,3033,14,0,0,0
644,3033,21,1,0.01,0
645,3033,28,2,0.02,0.01
646,3033,35,5,0.04,0.02
647,3033,42,8,0.06,0.03
648,3033,49,12,0.1,0.05
649,3033,56,17,0.14,0.07
650,3033,63,22,0.17,0.09
651,3033,70,25,0.2,0.1
652,3033,77,29,0.23,0.12
653,3033,84,33,0.27,0.13
654,3033,91,36,0.29,0.14
655,3033,98,39,0.31,0.15
656,3033,105,41,0.33,0.16
657,3033,112,43,0.34,0.17
658,3033,119,43,0.34,0.17
659,3033,126,43,0.34,0.17
660,3033,133,43,0.34,0.17
661,3033,140,43,0.34,0.17
662,3033,147,43,0.34,0.17
663,3033,154,43,0.34,0.17
664,3033,161,43,0.34,0.17
665,3033,168,43,0.34,0.17
666,3033,175,43,0.34,0.17
667,3033,182,43,0.34,0.17
668,3033,2000,43,0.34,0.17
669,1034,0,0,0,0
670,1034,7,0,0,0
671,1034,14,1,0,0
672,1034,21,1,0,0
673,1034,28,4,0.01,0
674,1034,35,9,0.02,0.01
675,1034,42,26,0.07,0.02
676,1034,49,60,0.17,0.06
677,1034,56,82,0.23,0.08
678,1034,63,100,0.28,0.09
679,1034,2000,100,0.28,0.09
680,2034,0,0,0,0
681,2034,7,0,0,0
682,2034,14,1,0,0
683,2034,21,4,0.01,0
684,2034,28,16,0.04,0.01
685,2034,35,63,0.17,0.06
686,2034,42,100,0.28,0.09
687,2034,2000,100,0.28,0.09
688,1035,0,0,0,0
689,1035,7,2,0,0
690,1035,14,9,0,0
691,1035,21,40,0.01,0
692,1035,28,81,0.01,0
693,1035,35,97,0.01,0
694,1035,42,100,0.02,0
695,1035,49,100,0.03,0.01
696,1035,56,100,0.04,0.01
697,1035,63,100,0.06,0.02
698,1035,70,100,0.09,0.02
699,1035,77,100,0.13,0.03
700,1035,84,100,0.18,0.04
701,1035,91,100,0.24,0.06
702,1035,98,100,0.31,0.08
703,1035,105,100,0.37,0.09
704,1035,112,100,0.44,0.11
705,1035,119,100,0.49,0.12
706,1035,126,100,0.54,0.13
707,1035,133,100,0.57,0.14
708,1035,140,100,0.6,0.15
709,1035,147,100,0.61,0.15
710,1035,154,100,0.63,0.15
711,1035,161,100,0.63,0.16
712,1035,168,100,0.64,0.16
713,1035,175,100,0.64,0.16
714,1035,182,100,0.65,0.16
715,1035,189,100,0.65,0.16
716,1035,196,100,0.65,0.16
717,1035,2000,100,0.65,0.16
718,1036,0,0,0,0
719,1036,7,0,0,0
720,1036,14,1,0.01,0
721,1036,21,2,0.01,0
722,1036,28,4,0.02,0
723,1036,35,8,0.03,0.01
724,1036,42,14,0.05,0.01
725,1036,49,25,0.09,0.02
726,1036,56,40,0.15,0.04
727,1036,63,57,0.23,0.06
728,1036,70,73,0.33,0.08
729,1036,77,85,0.42,0.1
730,1036,84,92,0.5,0.12
731,1036,91,96,0.56,0.14
732,1036,98,98,0.6,0.15
733,1036,105,100,0.62,0.15
734,1036,112,100,0.63,0.16
735,1036,119,100,0.64,0.16
736,1036,126,100,0.64,0.16
737,1036,133,100,0.65,0.16
738,1036,140,100,0.65,0.16
739,1036,2000,100,0.65,0.16
740,1037,0,0,0,0
741,1037,7,11,0.07,0.02
742,1037,14,24,0.09,0.03
743,1037,21,45,0.12,0.04
744,1037,28,68,0.17,0.06
745,1037,35,84,0.22,0.07
746,1037,42,93,0.29,0.1
747,1037,49,97,0.37,0.12
748,1037,56,99,0.45,0.15
749,1037,63,100,0.54,0.18
750,1037,70,100,0.62,0.21
751,1037,77,100,0.7,0.23
752,1037,84,100,0.77,0.25
753,1037,91,100,0.82,0.27
754,1037,98,100,0.87,0.29
755,1037,105,100,0.9,0.3
756,1037,112,100,0.93,0.31
757,1037,119,100,0.95,0.31
762,1037,2000,100,0.95,0.31
763,1038,0,0,0,0
764,1038,7,2,0,0
765,1038,14,9,0.01,0
766,1038,21,40,0.02,0.01
767,1038,28,81,0.04,0.01
768,1038,35,97,0.08,0.03
769,1038,42,100,0.14,0.05
770,1038,49,100,0.25,0.08
771,1038,56,100,0.4,0.13
772,1038,63,100,0.57,0.19
773,1038,70,100,0.73,0.24
774,1038,77,100,0.85,0.28
775,1038,84,100,0.92,0.3
776,1038,91,100,0.96,0.32
777,1038,98,100,0.98,0.32
778,1038,105,100,0.99,0.33
779,1038,112,100,0.99,0.33
780,1038,119,100,1,0.33
781,1038,2000,100,1,0.33
782,1039,0,0,0,0
783,1039,7,2,0.01,0
784,1039,14,9,0.04,0.01
785,1039,21,40,0.16,0.05
786,1039,28,81,0.33,0.11
787,1039,35,97,0.39,0.13
788,1039,42,100,0.4,0.13
789,1039,2000,100,0.4,0.13
790,1040,0,0,0,0
791,1040,7,2,0.01,0
792,1040,14,9,0.04,0.01
793,1040,21,40,0.16,0.05
794,1040,28,81,0.33,0.11
795,1040,35,97,0.39,0.13
796,1040,42,100,0.4,0.13
797,1040,2000,100,0.4,0.13
798,1041,0,0,0,0
799,1041,7,0,0,0
800,1041,14,0,0,0
801,1041,21,1,0,0
802,1041,28,1,0.01,0
803,1041,35,2,0.01,0
804,1041,42,4,0.02,0.01
805,1041,49,5,0.03,0.01
806,1041,56,8,0.04,0.01
807,1041,63,11,0.05,0.02
808,1041,70,16,0.07,0.02
809,1041,77,22,0.1,0.03
810,1041,84,30,0.14,0.05
811,1041,91,38,0.18,0.06
812,1041,98,46,0.22,0.07
813,1041,105,53,0.25,0.08
814,1041,112,60,0.28,0.09
815,1041,119,65,0.3,0.1
816,1041,126,69,0.32,0.11
817,1041,133,73,0.34,0.11
818,1041,140,75,0.35,0.11
819,1041,147,75,0.35,0.11
820,1041,2000,75,0.35,0.11
821,1043,0,0,0,0
822,1043,7,1,0,0
823,1043,14,2,0,0
824,1043,21,4,0.01,0
825,1043,28,9,0.03,0.01
826,1043,35,21,0.06,0.02
827,1043,42,40,0.12,0.04
828,1043,49,63,0.19,0.06
829,1043,56,81,0.24,0.08
830,1043,63,92,0.28,0.09
831,1043,70,97,0.29,0.1
832,1043,77,100,0.3,0.1
833,1043,84,100,0.3,0.1
834,1043,2000,100,0.3,0.1
835,1044,0,0,0,0
836,1044,7,0,0,0
837,1044,14,1,0,0
838,1044,21,3,0.01,0
839,1044,28,7,0.03,0.01
840,1044,35,15,0.06,0.02
841,1044,42,28,0.12,0.04
842,1044,49,44,0.19,0.06
843,1044,56,57,0.24,0.08
844,1044,63,64,0.28,0.09
845,1044,70,68,0.29,0.1
846,1044,77,69,0.3,0.1
847,1044,84,70,0.3,0.1
848,1044,2000,70,0.3,0.1
849,1045,0,0,0,0
850,1045,7,0,0,0
851,1045,14,1,0,0
852,1045,21,4,0.01,0
853,1045,28,11,0.02,0.01
854,1045,35,34,0.07,0.03
855,1045,42,62,0.14,0.05
856,1045,49,90,0.2,0.07
857,1045,2000,90,0.2,0.07
858,1046,0,0,0,0
859,1046,7,0,0.01,0
860,1046,14,1,0.03,0.01
861,1046,21,3,0.08,0.03
862,1046,28,6,0.19,0.06
863,1046,35,14,0.42,0.14
864,1046,42,26,0.8,0.27
865,1046,49,41,1.26,0.42
866,1046,56,53,1.63,0.54
867,1046,63,60,1.83,0.61
868,1046,70,63,1.93,0.65
869,1046,77,64,1.97,0.66
870,1046,84,65,1.99,0.67
871,1046,2000,65,1.99,0.67
872,1047,0,0,0,0
873,1047,7,0,0,0
874,1047,14,1,0.01,0
875,1047,21,3,0.03,0.01
876,1047,28,7,0.09,0.03
877,1047,35,15,0.2,0.07
878,1047,42,29,0.31,0.1
879,1047,49,43,0.37,0.12
880,1047,56,52,0.39,0.13
881,1047,63,57,0.4,0.13
882,1047,70,59,0.4,0.13
883,1047,77,60,0.4,0.13
884,1047,84,60,0.4,0.13
885,1047,2000,60,0.4,0.13
886,1048,0,0,0,0
887,1048,7,0,0,0
888,1048,14,1,0.01,0
889,1048,21,3,0.03,0.01
890,1048,28,7,0.09,0.03
891,1048,35,15,0.2,0.07
892,1048,42,29,0.31,0.1
893,1048,49,43,0.37,0.12
894,1048,56,52,0.39,0.13
895,1048,63,57,0.4,0.13
896,1048,70,59,0.4,0.13
897,1048,77,60,0.4,0.13
898,1048,84,60,0.4,0.13
899,1048,2000,60,0.4,0.13
900,1049,0,0,0,0
901,1049,7,1,0.01,0
902,1049,14,7,0.03,0.01
903,1049,21,28,0.11,0.04
904,1049,28,67,0.27,0.09
905,1049,35,92,0.37,0.12
906,1049,42,98,0.39,0.13
907,1049,49,100,0.4,0.13
908,1049,2000,100,0.4,0.13
909,1050,0,0,0,0
910,1050,7,0,0.01,0
911,1050,14,1,0.01,0
912,1050,21,1,0.01,0
913,1050,28,2,0.02,0.01
914,1050,35,3,0.04,0.01
915,1050,42,5,0.06,0.02
916,1050,49,8,0.09,0.03
917,1050,56,13,0.14,0.05
918,1050,63,19,0.21,0.07
919,1050,70,29,0.31,0.1
920,1050,77,40,0.44,0.15
921,1050,84,53,0.6,0.2
922,1050,91,65,0.77,0.26
923,1050,98,76,0.95,0.32
924,1050,105,84,1.1,0.37
925,1050,112,90,1.22,0.41
926,1050,119,93,1.31,0.44
927,1050,126,96,1.38,0.46
928,1050,133,98,1.42,0.47
929,1050,140,98,1.45,0.48
930,1050,147,100,1.47,0.49
931,1050,154,100,1.48,0.49
932,1050,161,100,1.49,0.5
933,1050,168,100,1.49,0.5
934,1050,175,100,1.49,0.5
935,1050,182,100,1.5,0.5
936,1050,189,100,1.5,0.5
937,1050,196,100,1.5,0.5
938,1050,203,100,1.5,0.5
939,1050,210,100,1.5,0.5
940,1050,217,100,1.5,0.5
941,1050,224,100,1.5,0.5
942,1050,2000,100,1.5,0.5
943,2050,0,0,0,0
944,2050,7,1,0.01,0
945,2050,14,4,0.03,0.01
946,2050,21,14,0.1,0.03
947,2050,28,40,0.27,0.09
948,2050,35,73,0.6,0.2
949,2050,42,92,1.01,0.34
950,2050,49,98,1.29,0.43
951,2050,56,100,1.43,0.48
952,2050,63,100,1.48,0.49
953,2050,70,100,1.49,0.5
954,2050,2000,100,1.49,0.5
955,1051,0,0,0,0
956,1051,7,4,0,0
957,1051,14,40,0.02,0.01
958,1051,21,92,0.07,0.02
959,1051,28,100,0.2,0.07
960,1051,35,100,0.37,0.12
961,1051,42,100,0.46,0.16
962,1051,49,100,0.49,0.17
963,1051,56,100,0.5,0.17
964,1051,2000,100,0.5,0.17
965,1052,0,0,0,0
966,1052,7,1,0.01,0
967,1052,14,4,0.01,0
968,1052,21,7,0.03,0.01
969,1052,28,16,0.06,0.02
970,1052,35,32,0.14,0.05
971,1052,42,49,0.25,0.08
972,1052,49,67,0.36,0.12
973,1052,56,78,0.41,0.14
974,1052,63,86,0.44,0.15
975,1052,70,89,0.46,0.15
976,1052,77,90,0.46,0.15
977,1052,84,91,0.46,0.15
978,1052,2000,91,0.46,0.15
979,1053,0,0,0.01,0
980,1053,7,0,0.01,0
981,1053,14,0,0.01,0
982,1053,21,0,0.01,0
983,1053,28,0,0.01,0
984,1053,35,0,0.01,0
985,1053,42,0,0.01,0
986,1053,49,0,0.01,0
987,1053,56,0,0.01,0
988,1053,63,1,0.01,0
989,1053,70,1,0.02,0.01
990,1053,77,1,0.02,0.01
991,1053,84,1,0.02,0.01
992,1053,91,1,0.02,0.01
993,1053,98,1,0.02,0.01
994,1053,105,1,0.02,0.01
995,1053,112,1,0.02,0.01
996,1053,119,1,0.02,0.01
997,1053,126,1,0.02,0.01
998,1053,133,1,0.03,0.01
999,1053,140,1,0.03,0.01
1000,1053,147,2,0.03,0.01
1001,1053,154,2,0.03,0.01
1002,1053,161,2,0.03,0.01
1003,1053,168,2,0.03,0.01
1004,1053,175,2,0.04,0.01
1005,1053,182,3,0.04,0.01
1006,1053,189,3,0.04,0.01
1007,1053,196,3,0.04,0.01
1008,1053,203,3,0.05,0.02
1009,1053,210,4,0.05,0.02
1010,1053,217,4,0.05,0.02
1011,1053,224,4,0.05,0.02
1012,1053,231,5,0.06,0.02
1013,1053,238,5,0.06,0.02
1014,1053,245,6,0.06,0.02
1015,1053,252,6,0.07,0.02
1016,1053,259,7,0.07,0.02
1017,1053,266,8,0.08,0.03
1018,1053,273,8,0.08,0.03
1019,1053,280,9,0.08,0.03
1020,1053,287,10,0.09,0.03
1021,1053,294,11,0.09,0.03
1022,1053,301,11,0.1,0.03
1023,1053,308,12,0.11,0.04
1024,1053,315,13,0.11,0.04
1025,1053,322,15,0.12,0.04
1026,1053,329,16,0.12,0.04
1027,1053,336,17,0.13,0.04
1028,1053,343,18,0.14,0.05
1029,1053,350,20,0.15,0.05
1030,1053,357,21,0.16,0.05
1031,1053,364,23,0.16,0.06
1032,1053,371,25,0.17,0.06
1033,1053,378,26,0.18,0.06
1034,1053,385,28,0.19,0.06
1035,1053,392,30,0.2,0.07
1036,1053,399,32,0.22,0.07
1037,1053,406,34,0.23,0.08
1038,1053,413,36,0.24,0.08
1039,1053,420,38,0.25,0.08
1040,1053,427,40,0.27,0.09
1041,1053,434,42,0.28,0.09
1042,1053,441,45,0.3,0.1
1043,1053,448,47,0.31,0.1
1044,1053,455,49,0.33,0.11
1045,1053,462,51,0.35,0.12
1046,1053,469,53,0.37,0.12
1047,1053,476,56,0.39,0.13
1048,1053,483,58,0.41,0.14
1049,1053,490,60,0.43,0.14
1050,1053,497,62,0.45,0.15
1051,1053,504,64,0.47,0.16
1052,1053,511,66,0.5,0.17
1053,1053,518,68,0.52,0.17
1054,1053,525,69,0.55,0.18
1055,1053,532,71,0.57,0.19
1056,1053,539,73,0.6,0.2
1057,1053,546,74,0.63,0.21
1058,1053,553,76,0.66,0.22
1059,1053,560,77,0.69,0.23
1060,1053,567,79,0.73,0.24
1061,1053,574,80,0.76,0.25
1062,1053,581,81,0.79,0.27
1063,1053,588,82,0.83,0.28
1064,1053,595,83,0.87,0.29
1065,1053,602,84,0.91,0.3
1066,1053,609,85,0.95,0.32
1067,1053,616,86,0.99,0.33
1068,1053,623,86,1.03,0.34
1069,1053,630,87,1.07,0.36
1070,1053,637,88,1.11,0.37
1071,1053,644,88,1.16,0.39
1072,1053,651,89,1.2,0.4
1073,1053,658,89,1.25,0.42
1074,1053,665,90,1.29,0.43
1075,1053,672,90,1.34,0.45
1076,1053,679,91,1.39,0.46
1077,1053,686,91,1.44,0.48
1078,1053,693,91,1.49,0.5
1079,1053,700,92,1.54,0.51
1080,1053,707,92,1.59,0.53
1081,1053,714,92,1.64,0.55
1082,1053,721,93,1.69,0.56
1083,1053,728,93,1.74,0.58
1084,1053,735,93,1.79,0.6
1085,1053,742,93,1.84,0.61
1086,1053,749,93,1.89,0.63
1087,1053,756,93,1.94,0.65
1088,1053,763,94,1.99,0.66
1089,1053,770,94,2.04,0.68
1090,1053,777,94,2.08,0.7
1091,1053,784,94,2.13,0.71
1092,1053,791,94,2.18,0.73
1093,1053,798,94,2.23,0.74
1094,1053,805,94,2.27,0.76
1095,1053,812,94,2.32,0.77
1096,1053,819,94,2.36,0.79
1097,1053,826,94,2.41,0.8
1098,1053,833,94,2.45,0.82
1099,1053,840,94,2.49,0.83
1100,1053,847,95,2.53,0.85
1101,1053,854,95,2.57,0.86
1102,1053,861,95,2.61,0.87
1103,1053,868,95,2.65,0.89
1104,1053,875,95,2.68,0.9
1105,1053,882,95,2.72,0.91
1106,1053,889,95,2.75,0.92
1107,1053,896,95,2.79,0.93
1108,1053,903,95,2.82,0.94
1109,1053,910,95,2.85,0.95
1110,1053,917,95,2.88,0.96
1111,1053,924,95,2.91,0.97
1112,1053,931,95,2.94,0.98
1113,1053,938,95,2.96,0.99
1114,1053,945,95,2.99,1
1115,1053,952,95,3.01,1.01
1116,1053,959,95,3.04,1.02
1117,1053,966,95,3.06,1.02
1118,1053,973,95,3.08,1.03
1119,1053,980,95,3.1,1.04
1120,1053,987,95,3.12,1.04
1121,1053,994,95,3.14,1.05
1122,1053,1001,95,3.16,1.06
1123,1053,1008,95,3.18,1.06
1124,1053,1015,95,3.19,1.07
1125,1053,1022,95,3.21,1.07
1126,1053,1029,95,3.22,1.08
1127,1053,1036,95,3.24,1.08
1128,1053,1043,95,3.25,1.09
1129,1053,1050,95,3.26,1.09
1130,1053,1057,95,3.28,1.1
1131,1053,1064,95,3.29,1.1
1132,1053,1071,95,3.3,1.1
1133,1053,1078,95,3.31,1.11
1134,1053,1085,95,3.32,1.11
1135,1053,1092,95,3.33,1.11
1136,1053,1099,95,3.34,1.12
1137,1053,1106,95,3.35,1.12
1138,1053,1113,95,3.36,1.12
1139,1053,1120,95,3.36,1.12
1140,1053,1127,95,3.37,1.13
1141,1053,1134,95,3.38,1.13
1142,1053,1141,95,3.38,1.13
1143,1053,1148,95,3.39,1.13
1144,1053,1155,95,3.4,1.14
1145,1053,1162,95,3.4,1.14
1146,1053,1169,95,3.41,1.14
1147,1053,1176,95,3.41,1.14
1148,1053,1183,95,3.42,1.14
1149,1053,1190,95,3.42,1.14
1150,1053,1197,95,3.43,1.15
1151,1053,1204,95,3.43,1.15
1152,1053,1211,95,3.43,1.15
1153,1053,1218,95,3.44,1.15
1154,1053,1225,95,3.44,1.15
1155,1053,1232,95,3.44,1.15
1156,1053,1239,95,3.45,1.15
1157,1053,1246,95,3.45,1.15
1158,1053,1253,95,3.45,1.15
1159,1053,1260,95,3.46,1.16
1160,1053,1267,95,3.46,1.16
1161,1053,1274,95,3.46,1.16
1162,1053,1281,95,3.46,1.16
1163,1053,1288,95,3.46,1.16
1164,1053,1295,95,3.47,1.16
1165,1053,1302,95,3.47,1.16
1166,1053,1309,95,3.47,1.16
1167,1053,1316,95,3.47,1.16
1168,1053,1323,95,3.47,1.16
1169,1053,1330,95,3.47,1.16
1170,1053,1337,95,3.48,1.16
1171,1053,1344,95,3.48,1.16
1172,1053,1351,95,3.48,1.16
1173,1053,1358,95,3.48,1.16
1174,1053,1365,95,3.48,1.16
1175,1053,1372,95,3.48,1.16
1176,1053,1379,95,3.48,1.16
1177,1053,1386,95,3.48,1.16
1178,1053,1393,95,3.49,1.16
1179,1053,1400,95,3.49,1.17
1180,1053,1407,95,3.49,1.17
1181,1053,1414,95,3.49,1.17
1182,1053,1421,95,3.49,1.17
1183,1053,1428,95,3.49,1.17
1184,1053,1435,95,3.49,1.17
1185,1053,1442,95,3.49,1.17
1186,1053,1449,95,3.49,1.17
1187,1053,1456,95,3.49,1.17
1188,1053,2000,95,3.49,1.17
1189,1054,0,0,0,0
1190,1054,7,1,0.01,0
1191,1054,14,8,0.01,0
1192,1054,21,32,0.01,0
1193,1054,28,65,0.01,0
1194,1054,35,77,0.01,0
1195,1054,42,80,0.01,0
1196,1054,49,80,0.01,0
1197,1054,56,80,0.01,0
1198,1054,63,80,0.01,0
1199,1054,70,80,0.01,0
1200,1054,77,80,0.01,0
1201,1054,84,80,0.01,0
1202,1054,91,80,0.02,0.01
1203,1054,98,80,0.02,0.01
1204,1054,105,80,0.02,0.01
1205,1054,112,80,0.02,0.01
1206,1054,119,80,0.02,0.01
1207,1054,126,80,0.02,0.01
1208,1054,133,80,0.03,0.01
1209,1054,140,80,0.03,0.01
1210,1054,147,80,0.03,0.01
1211,1054,154,80,0.04,0.01
1212,1054,161,80,0.04,0.01
1213,1054,168,80,0.04,0.01
1214,1054,175,80,0.05,0.02
1215,1054,182,80,0.05,0.02
1216,1054,189,80,0.06,0.02
1217,1054,196,80,0.06,0.02
1218,1054,203,80,0.07,0.02
1219,1054,210,80,0.07,0.02
1220,1054,217,80,0.08,0.03
1221,1054,224,80,0.09,0.03
1222,1054,231,80,0.1,0.03
1223,1054,238,80,0.11,0.04
1224,1054,245,80,0.12,0.04
1225,1054,252,80,0.13,0.04
1226,1054,259,80,0.14,0.05
1227,1054,266,80,0.15,0.05
1228,1054,273,80,0.16,0.05
1229,1054,280,80,0.18,0.06
1230,1054,287,80,0.19,0.06
1231,1054,294,80,0.21,0.07
1232,1054,301,80,0.23,0.08
1233,1054,308,80,0.25,0.08
1234,1054,315,80,0.27,0.09
1235,1054,322,80,0.29,0.1
1236,1054,329,80,0.32,0.1
1237,1054,336,80,0.34,0.11
1238,1054,343,80,0.37,0.12
1239,1054,350,80,0.4,0.13
1240,1054,357,80,0.43,0.14
1241,1054,364,80,0.46,0.15
1242,1054,371,80,0.49,0.16
1243,1054,378,80,0.53,0.17
1244,1054,385,80,0.56,0.19
1245,1054,392,80,0.6,0.2
1246,1054,399,80,0.64,0.21
1247,1054,406,80,0.68,0.23
1248,1054,413,80,0.72,0.24
1249,1054,420,80,0.76,0.25
1250,1054,427,80,0.81,0.27
1251,1054,434,80,0.85,0.28
1252,1054,441,80,0.89,0.3
1253,1054,448,80,0.94,0.31
1254,1054,455,80,0.98,0.33
1255,1054,462,80,1.03,0.34
1256,1054,469,80,1.07,0.35
1257,1054,476,80,1.11,0.37
1258,1054,483,80,1.16,0.38
1259,1054,490,80,1.2,0.4
1260,1054,497,80,1.24,0.41
1261,1054,504,80,1.28,0.42
1262,1054,511,80,1.32,0.44
1263,1054,518,80,1.35,0.45
1264,1054,525,80,1.39,0.46
1265,1054,532,80,1.42,0.47
1266,1054,539,80,1.46,0.48
1267,1054,546,80,1.49,0.49
1268,1054,553,80,1.52,0.5
1269,1054,560,80,1.54,0.51
1270,1054,567,80,1.57,0.52
1271,1054,574,80,1.59,0.53
1272,1054,581,80,1.62,0.54
1273,1054,588,80,1.64,0.54
1274,1054,595,80,1.66,0.55
1275,1054,602,80,1.68,0.56
1276,1054,609,80,1.7,0.56
1277,1054,616,80,1.71,0.57
1278,1054,623,80,1.73,0.57
1279,1054,630,80,1.74,0.58
1280,1054,637,80,1.75,0.58
1281,1054,644,80,1.77,0.59
1282,1054,651,80,1.78,0.59
1283,1054,658,80,1.79,0.59
1284,1054,665,80,1.8,0.6
1285,1054,672,80,1.81,0.6
1286,1054,679,80,1.81,0.6
1287,1054,686,80,1.82,0.6
1288,1054,693,80,1.83,0.61
1289,1054,700,80,1.83,0.61
1290,1054,707,80,1.84,0.61
1291,1054,714,80,1.85,0.61
1292,1054,721,80,1.85,0.61
1293,1054,728,80,1.85,0.61
1294,1054,735,80,1.86,0.62
1295,1054,742,80,1.86,0.62
1296,1054,749,80,1.87,0.62
1297,1054,756,80,1.87,0.62
1298,1054,763,80,1.87,0.62
1299,1054,770,80,1.87,0.62
1300,1054,777,80,1.88,0.62
1301,1054,784,80,1.88,0.62
1302,1054,791,80,1.88,0.62
1303,1054,798,80,1.88,0.62
1304,1054,805,80,1.88,0.62
1305,1054,812,80,1.88,0.62
1306,1054,819,80,1.89,0.63
1307,1054,826,80,1.89,0.63
1308,1054,833,80,1.89,0.63
1309,1054,840,80,1.89,0.63
1310,1054,847,80,1.89,0.63
1311,1054,854,80,1.89,0.63
1312,1054,861,80,1.89,0.63
1313,1054,868,80,1.89,0.63
1314,1054,875,80,1.89,0.63
1315,1054,882,80,1.89,0.63
1316,1054,889,80,1.89,0.63
1317,1054,896,80,1.9,0.63
1318,1054,2000,80,1.9,0.63
1319,1055,0,0,,0
1320,1055,7,0,,0
1321,1055,14,0,,0
1322,1055,21,0,,0
1323,1055,28,1,,0
1324,1055,35,1,,0
1325,1055,42,1,,0
1326,1055,49,1,,0.01
1327,1055,56,2,,0.01
1328,1055,63,2,,0.01
1329,1055,70,2,,0.01
1330,1055,77,3,,0.01
1331,1055,84,4,,0.02
1332,1055,91,5,,0.02
1333,1055,98,6,,0.03
1334,1055,105,7,,0.03
1335,1055,112,9,,0.04
1336,1055,119,11,,0.05
1337,1055,126,13,,0.06
1338,1055,133,16,,0.07
1339,1055,140,20,,0.09
1340,1055,147,24,,0.1
1341,1055,154,28,,0.12
1342,1055,161,33,,0.14
1343,1055,168,38,,0.16
1344,1055,175,44,,0.19
1345,1055,182,50,,0.21
1346,1055,189,55,,0.24
1347,1055,196,61,,0.26
1348,1055,203,66,,0.28
1349,1055,210,71,,0.31
1350,1055,217,76,,0.33
1351,1055,224,80,,0.34
1352,1055,231,83,,0.36
1353,1055,238,86,,0.37
1354,1055,245,89,,0.38
1355,1055,252,91,,0.39
1356,1055,259,93,,0.4
1357,1055,266,94,,0.4
1358,1055,273,95,,0.41
1359,1055,280,96,,0.41
1360,1055,287,97,,0.42
1361,1055,294,98,,0.42
1362,1055,301,98,,0.42
1363,1055,308,98,,0.42
1364,1055,315,100,,0.42
1365,1055,322,100,,0.43
1366,1055,329,100,,0.43
1367,1055,336,100,,0.43
1368,1055,343,100,,0.43
1369,1055,350,100,,0.43
1370,1055,357,100,,0.43
1371,1055,364,100,,0.43
1372,1055,2000,100,,0.43
1373,1056,0,0,0,0
1374,1056,7,0,0,0
1375,1056,14,1,0.01,0
1376,1056,21,1,0.01,0
1377,1056,28,1,0.01,0
1378,1056,35,2,0.01,0
1379,1056,42,3,0.01,0
1380,1056,49,4,0.01,0
1381,1056,56,7,0.01,0
1382,1056,63,10,0.02,0.01
1383,1056,70,14,0.02,0.01
1384,1056,77,20,0.02,0.01
1385,1056,84,28,0.03,0.01
1386,1056,91,37,0.03,0.01
1387,1056,98,47,0.04,0.01
1388,1056,105,57,0.04,0.01
1389,1056,112,67,0.05,0.02
1390,1056,119,76,0.06,0.02
1391,1056,126,83,0.07,0.02
1392,1056,133,88,0.09,0.03
1393,1056,140,92,0.1,0.03
1394,1056,147,94,0.12,0.04
1395,1056,154,96,0.14,0.05
1396,1056,161,97,0.16,0.05
1397,1056,168,98,0.18,0.06
1398,1056,175,100,0.21,0.07
1399,1056,182,100,0.25,0.08
1400,1056,189,100,0.28,0.09
1401,1056,196,100,0.32,0.11
1402,1056,203,100,0.37,0.12
1403,1056,210,100,0.42,0.14
1404,1056,217,100,0.47,0.16
1405,1056,224,100,0.52,0.17
1406,1056,231,100,0.58,0.19
1407,1056,238,100,0.64,0.21
1408,1056,245,100,0.71,0.24
1409,1056,252,100,0.77,0.26
1410,1056,259,100,0.83,0.28
1411,1056,266,100,0.89,0.3
1412,1056,273,100,0.95,0.32
1413,1056,280,100,1.01,0.34
1414,1056,287,100,1.06,0.35
1415,1056,294,100,1.11,0.37
1416,1056,301,100,1.16,0.39
1417,1056,308,100,1.2,0.4
1418,1056,315,100,1.24,0.41
1419,1056,322,100,1.27,0.42
1420,1056,329,100,1.3,0.43
1421,1056,336,100,1.33,0.44
1422,1056,343,100,1.35,0.45
1423,1056,350,100,1.38,0.46
1424,1056,357,100,1.39,0.46
1425,1056,364,100,1.41,0.47
1426,1056,371,100,1.42,0.47
1427,1056,378,100,1.43,0.48
1428,1056,385,100,1.44,0.48
1429,1056,392,100,1.45,0.48
1430,1056,399,100,1.46,0.49
1431,1056,406,100,1.47,0.49
1432,1056,413,100,1.47,0.49
1433,1056,420,100,1.48,0.49
1434,1056,427,100,1.48,0.49
1435,1056,434,100,1.48,0.49
1436,1056,441,100,1.48,0.49
1437,1056,448,100,1.49,0.5
1438,1056,455,100,1.49,0.5
1439,1056,462,100,1.49,0.5
1440,1056,469,100,1.49,0.5
1441,1056,476,100,1.49,0.5
1442,1056,483,100,1.49,0.5
1443,1056,490,100,1.5,0.5
1444,1056,497,100,1.5,0.5
1445,1056,2000,100,1.5,0.5
1446,1058,0,0,0,0
1447,1058,7,0,0,0
1448,1058,14,1,0.01,0
1449,1058,21,1,0.01,0
1450,1058,28,2,0.02,0.01
1451,1058,35,5,0.05,0.02
1452,1058,42,9,0.09,0.03
1453,1058,49,15,0.15,0.05
1454,1058,56,24,0.24,0.08
1455,1058,63,34,0.34,0.11
1456,1058,70,44,0.44,0.15
1457,1058,77,51,0.51,0.17
1458,1058,84,55,0.55,0.18
1459,1058,91,57,0.57,0.19
1460,1058,98,59,0.59,0.2
1461,1058,105,59,0.59,0.2
1462,1058,112,60,0.6,0.2
1463,1058,119,60,0.6,0.2
1464,1058,2000,60,0.6,0.2
1465,1059,0,0,,0
1466,1059,7,0,,0
1467,1059,14,0,,0
1468,1059,21,0,,0
1469,1059,28,0,,0
1470,1059,35,0,,0
1471,1059,42,0,,0
1472,1059,49,0,,0
1473,1059,56,0,,0
1474,1059,63,0,,0
1475,1059,70,0,,0
1476,1059,77,0,,0
1477,1059,84,0,,0
1478,1059,91,0,,0
1479,1059,98,0,,0
1480,1059,105,0,,0
1481,1059,112,0,,0
1482,1059,119,0,,0
1483,1059,126,0,,0
1484,1059,133,0,,0
1485,1059,140,0,,0
1486,1059,147,0,,0
1487,1059,154,0,,0
1488,1059,161,0,,0
1489,1059,168,0,,0
1490,1059,175,0,,0
1491,1059,182,0,,0
1492,1059,189,0,,0
1493,1059,196,0,,0
1494,1059,203,0,,0
1495,1059,210,0,,0
1496,1059,217,0,,0
1497,1059,224,0,,0
1498,1059,231,0,,0
1499,1059,238,0,,0
1500,1059,245,0,,0
1501,1059,252,0,,0
1502,1059,259,0,,0
1503,1059,266,0,,0
1504,1059,273,0,,0
1505,1059,2000,0,,0
1506,1060,0,0,0,0
1507,1060,7,0,0,0
1508,1060,14,0,0.01,0
1509,1060,21,0,0.01,0
1510,1060,28,0,0.01,0
1511,1060,35,0,0.01,0
1512,1060,42,0,0.01,0
1513,1060,49,0,0.01,0
1514,1060,56,0,0.01,0
1515,1060,63,0,0.01,0
1516,1060,70,0,0.01,0
1517,1060,77,0,0.01,0
1518,1060,84,0,0.01,0
1519,1060,91,0,0.01,0
1520,1060,98,0,0.01,0
1521,1060,105,0,0.02,0.01
1522,1060,112,0,0.02,0.01
1523,1060,119,1,0.02,0.01
1524,1060,126,1,0.02,0.01
1525,1060,133,1,0.02,0.01
1526,1060,140,1,0.02,0.01
1527,1060,147,1,0.03,0.01
1528,1060,154,1,0.03,0.01
1529,1060,161,1,0.03,0.01
1530,1060,168,1,0.03,0.01
1531,1060,175,1,0.04,0.01
1532,1060,182,1,0.04,0.01
1533,1060,189,1,0.04,0.01
1534,1060,196,1,0.05,0.02
1535,1060,203,1,0.05,0.02
1536,1060,210,1,0.05,0.02
1537,1060,217,1,0.06,0.02
1538,1060,224,1,0.06,0.02
1539,1060,231,1,0.07,0.02
1540,1060,238,1,0.07,0.02
1541,1060,245,1,0.08,0.03
1542,1060,252,1,0.09,0.03
1543,1060,259,1,0.09,0.03
1544,1060,266,1,0.1,0.03
1545,1060,273,1,0.11,0.04
1546,1060,280,1,0.12,0.04
1547,1060,287,2,0.13,0.04
1548,1060,294,2,0.14,0.05
1549,1060,301,2,0.15,0.05
1550,1060,308,2,0.16,0.05
1551,1060,315,2,0.18,0.06
1552,1060,322,2,0.19,0.06
1553,1060,329,2,0.2,0.07
1554,1060,336,2,0.22,0.07
1555,1060,343,2,0.24,0.08
1556,1060,350,2,0.26,0.09
1557,1060,357,2,0.27,0.09
1558,1060,364,3,0.29,0.1
1559,1060,371,3,0.32,0.11
1560,1060,378,3,0.34,0.11
1561,1060,385,3,0.36,0.12
1562,1060,392,3,0.39,0.13
1563,1060,399,3,0.41,0.14
1564,1060,406,3,0.44,0.15
1565,1060,413,4,0.47,0.16
1566,1060,420,4,0.5,0.17
1567,1060,427,4,0.53,0.18
1568,1060,434,4,0.56,0.19
1569,1060,441,4,0.59,0.2
1570,1060,448,4,0.63,0.21
1571,1060,455,5,0.66,0.22
1572,1060,462,5,0.7,0.23
1573,1060,469,5,0.73,0.24
1574,1060,476,5,0.77,0.26
1575,1060,483,6,0.81,0.27
1576,1060,490,6,0.85,0.28
1577,1060,497,6,0.88,0.29
1578,1060,504,6,0.92,0.31
1579,1060,511,7,0.96,0.32
1580,1060,518,7,1,0.33
1581,1060,525,7,1.03,0.34
1582,1060,532,8,1.07,0.36
1583,1060,539,8,1.11,0.37
1584,1060,546,8,1.14,0.38
1585,1060,553,9,1.18,0.39
1586,1060,560,9,1.21,0.4
1587,1060,567,9,1.24,0.41
1588,1060,574,10,1.28,0.43
1589,1060,581,10,1.31,0.44
1590,1060,588,11,1.34,0.45
1591,1060,595,11,1.36,0.45
1592,1060,602,11,1.39,0.46
1593,1060,609,12,1.42,0.47
1594,1060,616,12,1.44,0.48
1595,1060,623,13,1.47,0.49
1596,1060,630,13,1.49,0.5
1597,1060,637,14,1.51,0.5
1598,1060,644,15,1.53,0.51
1599,1060,651,15,1.55,0.52
1600,1060,658,16,1.56,0.52
1601,1060,665,16,1.58,0.53
1602,1060,672,17,1.6,0.53
1603,1060,679,18,1.61,0.54
1604,1060,686,18,1.63,0.54
1605,1060,693,19,1.64,0.55
1606,1060,700,20,1.65,0.55
1607,1060,707,21,1.66,0.55
1608,1060,714,21,1.67,0.56
1609,1060,721,22,1.68,0.56
1610,1060,728,23,1.69,0.56
1611,1060,735,24,1.7,0.57
1612,1060,742,25,1.71,0.57
1613,1060,749,25,1.71,0.57
1614,1060,756,26,1.72,0.57
1615,1060,763,27,1.73,0.58
1616,1060,770,28,1.73,0.58
1617,1060,777,29,1.74,0.58
1618,1060,784,30,1.74,0.58
1619,1060,791,31,1.75,0.58
1620,1060,798,32,1.75,0.58
1621,1060,805,33,1.75,0.58
1622,1060,812,34,1.76,0.59
1623,1060,819,35,1.76,0.59
1624,1060,826,36,1.76,0.59
1625,1060,833,37,1.77,0.59
1626,1060,840,38,1.77,0.59
1627,1060,847,39,1.77,0.59
1628,1060,854,40,1.77,0.59
1629,1060,861,41,1.78,0.59
1630,1060,868,42,1.78,0.59
1631,1060,875,44,1.78,0.59
1632,1060,882,45,1.78,0.59
1633,1060,889,46,1.78,0.59
1634,1060,896,47,1.78,0.59
1635,1060,903,48,1.79,0.6
1636,1060,910,49,1.79,0.6
1637,1060,917,50,1.79,0.6
1638,1060,924,51,1.79,0.6
1639,1060,931,52,1.79,0.6
1640,1060,938,53,1.79,0.6
1641,1060,945,55,1.79,0.6
1642,1060,952,56,1.79,0.6
1643,1060,959,57,1.79,0.6
1644,1060,966,58,1.79,0.6
1645,1060,973,59,1.79,0.6
1646,1060,980,60,1.79,0.6
1647,1060,987,61,1.79,0.6
1648,1060,994,62,1.8,0.6
1649,1060,1001,63,1.8,0.6
1650,1060,1008,64,1.8,0.6
1651,1060,1015,65,1.8,0.6
1652,1060,1022,66,1.8,0.6
1653,1060,1029,67,1.8,0.6
1654,1060,1036,68,1.8,0.6
1655,1060,1043,69,1.8,0.6
1656,1060,1050,69,1.8,0.6
1657,1060,1057,70,1.8,0.6
1658,1060,1064,71,1.8,0.6
1659,1060,1071,72,1.8,0.6
1660,1060,1078,73,1.8,0.6
1661,1060,1085,74,1.8,0.6
1662,1060,1092,74,1.8,0.6
1663,1060,1099,75,1.8,0.6
1664,1060,1106,76,1.8,0.6
1665,1060,1113,77,1.8,0.6
1666,1060,1120,77,1.8,0.6
1667,1060,1127,78,1.8,0.6
1668,1060,1134,79,1.8,0.6
1669,1060,1141,79,1.8,0.6
1670,1060,1148,80,1.8,0.6
1671,1060,1155,80,1.8,0.6
1672,1060,1162,81,1.8,0.6
1673,1060,1169,81,1.8,0.6
1674,1060,1176,82,1.8,0.6
1675,1060,1183,82,1.8,0.6
1676,1060,1190,83,1.8,0.6
1677,1060,1197,83,1.8,0.6
1678,1060,1204,84,1.8,0.6
1679,1060,1211,84,1.8,0.6
1680,1060,1218,85,1.8,0.6
1681,1060,1225,85,1.8,0.6
1682,1060,1232,86,1.8,0.6
1683,1060,1239,86,1.8,0.6
1684,1060,1246,86,1.8,0.6
1685,1060,1253,87,1.8,0.6
1686,1060,1260,87,1.8,0.6
1687,1060,1267,87,1.8,0.6
1688,1060,1274,88,1.8,0.6
1689,1060,1281,88,1.8,0.6
1690,1060,1288,88,1.8,0.6
1691,1060,1295,89,1.8,0.6
1692,1060,1302,89,1.8,0.6
1693,1060,1309,89,1.8,0.6
1694,1060,1316,89,1.8,0.6
1695,1060,1323,90,1.8,0.6
1696,1060,1330,90,1.8,0.6
1697,1060,1337,90,1.8,0.6
1698,1060,1344,90,1.8,0.6
1699,1060,1351,91,1.8,0.6
1700,1060,1358,91,1.8,0.6
1701,1060,1365,91,1.8,0.6
1702,1060,1372,91,1.8,0.6
1703,1060,1379,91,1.8,0.6
1704,1060,1386,91,1.8,0.6
1705,1060,1393,92,1.8,0.6
1706,1060,1400,92,1.8,0.6
1707,1060,1407,92,1.8,0.6
1708,1060,1414,92,1.8,0.6
1709,1060,1421,92,1.8,0.6
1710,1060,1428,92,1.8,0.6
1711,1060,1435,92,1.8,0.6
1712,1060,1442,93,1.8,0.6
1713,1060,1449,93,1.8,0.6
1714,1060,1456,93,1.8,0.6
1715,1060,1463,93,1.8,0.6
1716,1060,1470,93,1.8,0.6
1717,1060,1477,93,1.8,0.6
1718,1060,1484,93,1.8,0.6
1719,1060,1491,93,1.8,0.6
1720,1060,1498,93,1.8,0.6
1721,1060,1505,93,1.8,0.6
1722,1060,1512,93,1.8,0.6
1723,1060,1519,93,1.8,0.6
1724,1060,1526,94,1.8,0.6
1725,1060,1533,94,1.8,0.6
1726,1060,1540,94,1.8,0.6
1727,1060,1547,94,1.8,0.6
1728,1060,1554,94,1.8,0.6
1729,1060,1561,94,1.8,0.6
1730,1060,1568,94,1.8,0.6
1731,1060,1575,94,1.8,0.6
1732,1060,1582,94,1.8,0.6
1733,1060,1589,94,1.8,0.6
1734,1060,1596,94,1.8,0.6
1735,1060,1603,94,1.8,0.6
1736,1060,1610,94,1.8,0.6
1737,1060,1617,94,1.8,0.6
1738,1060,1624,94,1.8,0.6
1739,1060,1631,94,1.8,0.6
1740,1060,1638,94,1.8,0.6
1741,1060,1645,94,1.8,0.6
1742,1060,1652,94,1.8,0.6
1743,1060,1659,94,1.8,0.6
1744,1060,1666,94,1.8,0.6
1745,1060,1673,94,1.8,0.6
1746,1060,1680,94,1.8,0.6
1747,1060,1687,95,1.8,0.6
1748,1060,1694,95,1.8,0.6
1749,1060,1701,95,1.8,0.6
1750,1060,1708,95,1.8,0.6
1751,1060,1715,95,1.8,0.6
1752,1060,1722,95,1.8,0.6
1753,1060,1729,95,1.8,0.6
1754,1060,1736,95,1.8,0.6
1755,1060,1743,95,1.8,0.6
1756,1060,1750,95,1.8,0.6
1757,1060,1757,95,1.8,0.6
1758,1060,1764,95,1.8,0.6
1759,1060,1771,95,1.8,0.6
1760,1060,1778,95,1.8,0.6
1761,1060,1785,95,1.8,0.6
1762,1060,1792,95,1.8,0.6
1763,1060,1799,95,1.8,0.6
1764,1060,2000,95,1.8,0.6
1765,1062,0,0,,0
1766,1062,7,2,,0.09
1767,1062,14,3,,0.14
1768,1062,21,3,,0.16
1769,1062,28,4,,0.18
1770,1062,35,8,,0.21
1771,1062,42,15,,0.24
1772,1062,49,27,,0.28
1773,1062,56,43,,0.32
1774,1062,63,59,,0.36
1775,1062,70,74,,0.41
1776,1062,77,82,,0.47
1777,1062,84,86,,0.53
1778,1062,91,88,,0.6
1779,1062,98,84,,0.69
1780,1062,105,78,,0.79
1781,1062,112,71,,0.89
1782,1062,119,64,,1
1783,1062,126,57,,1.13
1784,1062,2000,57,,1.13
1785,1063,0,0,,0
1786,1063,7,6,,0.02
1787,1063,14,11,,0.03
1788,1063,21,20,,0.04
1789,1063,28,30,,0.05
1790,1063,35,40,,0.06
1791,1063,42,49,,0.06
1792,1063,49,54,,0.07
1793,1063,56,57,,0.07
1794,1063,63,59,,0.07
1795,1063,70,60,,0.08
1796,1063,77,60,,0.08
1797,1063,84,60,,0.08
1798,1063,91,61,,0.08
1799,1063,98,61,,0.08
1800,1063,105,61,,0.08
1801,1063,112,61,,0.08
1802,1063,119,61,,0.08
1803,1063,2000,61,,0.08
1804,1020,0,0,,0
1805,1020,7,12,,0.02
1806,1020,14,32,,0.04
1807,1020,21,55,,0.06
1808,1020,28,86,,0.08
1809,1020,35,98,,0.14
1810,1020,42,100,,0.19
1811,1020,49,100,,0.21
1812,1020,56,100,,0.21
1813,1020,63,100,,0.21
1814,1020,70,100,,0.21
1815,1020,77,100,,0.19
1816,1020,84,100,,0.17
1817,1020,91,100,,0.15
1818,1020,98,96,,0.13
1819,1020,105,93,,0.11
1820,1020,112,89,,0.09
1821,1020,119,86,,0.08
1822,1020,126,82,,0.07
1823,1020,133,79,,0.06
1824,1020,140,75,,0.05
1825,1020,147,72,,0.03
1826,1020,154,70,,0.03
1827,1020,161,70,,0.03
1828,1020,168,70,,0.03
1829,1020,2000,70,,0.03
1830,2020,0,0,,0
1831,2020,7,12,,0.02
1832,2020,14,30,,0.04
1833,2020,21,48,,0.06
1834,2020,28,65,,0.08
1835,2020,35,70,,0.14
1836,2020,42,70,,0.18
1837,2020,49,70,,0.18
1838,2020,56,70,,0.18
1839,2020,63,70,,0.18
1840,2020,70,70,,0.18
1841,2020,77,68,,0.17
1842,2020,84,67,,0.16
1843,2020,91,65,,0.15
1844,2020,98,63,,0.13
1845,2020,105,61,,0.11
1846,2020,112,60,,0.09
1847,2020,119,60,,0.08
1848,2020,126,60,,0.07
1849,2020,133,60,,0.06
1850,2020,140,60,,0.05
1851,2020,147,60,,0.03
1852,2020,154,60,,0.03
1853,2020,161,60,,0.03
1854,2020,168,60,,0.03
1855,2020,2000,60,,0.03
1856,3020,0,0,,0
1857,3020,7,7,,0.018
1858,3020,14,10,,0.03
1859,3020,21,13,,0.06
1860,3020,28,14.2,,0.078
1861,3020,35,15,,0.09
1862,3020,42,15,,0.09
1863,3020,49,15,,0.09
1864,3020,56,15,,0.09
1865,3020,63,15,,0.09
1866,3020,70,15,,0.09
1867,3020,77,15,,0.09
1868,3020,84,15,,0.09
1869,3020,91,15,,0.09
1870,3020,98,15,,0.09
1871,3020,105,15,,0.09
1872,3020,112,15,,0.087
1873,3020,119,15,,0.0765
1874,3020,126,15,,0.066
1875,3020,133,15,,0.0555
1876,3020,140,15,,0.045
1877,3020,147,15,,0.0345
1878,3020,154,15,,0.03
1879,3020,161,15,,0.03
1880,3020,168,15,,0.03
