,Unnamed: 0,subgroep_id,dagen_na,bedekking(%),hoogte(m),effectieve_valhoogte(m)
0,0.0,1001,0,0.0,0.01,0.0
1,1.0,1001,7,0.851063829787234,0.03,0.01
2,2.0,1001,14,3.404255319148936,0.11,0.04
3,3.0,1001,21,11.063829787234043,0.38,0.15
4,4.0,1001,28,32.34042553191489,1.08,0.43
5,5.0,1001,35,58.72340425531915,1.97,0.79
6,6.0,1001,42,74.04255319148936,2.48,0.99
7,7.0,1001,49,79.14893617021276,2.64,1.06
8,8.0,1001,56,80.0,2.69,1.07
9,9.0,1001,2000,80.0,2.69,1.07
10,10.0,1002,0,0.0,0.01,0.0
11,11.0,1002,7,1.0,0.03,0.01
12,12.0,1002,14,4.0,0.11,0.04
13,13.0,1002,21,13.0,0.38,0.15
14,14.0,1002,28,38.0,1.08,0.43
15,15.0,1002,35,69.0,1.97,0.79
16,16.0,1002,42,87.0,2.48,0.99
17,17.0,1002,49,93.0,2.64,1.06
18,18.0,1002,56,94.0,2.69,1.07
19,19.0,1002,2000,94.0,2.69,1.07
20,20.0,2001,0,0.0,0.0,0.0
21,21.0,2001,7,1.404255319148936,0.03,0.02
22,22.0,2001,14,2.0,0.06,0.02
23,23.0,2001,21,2.204255319148936,0.07,0.03
24,24.0,2001,28,3.6000000000000005,0.12,0.05
25,25.0,2001,35,6.0,0.29,0.12
26,26.0,2001,42,10.604255319148937,0.62,0.24
27,27.0,2001,49,19.702127659574465,1.22,0.48
28,28.0,2001,56,34.8,1.85,0.74
29,29.0,2001,63,50.29787234042553,2.33,0.93
30,30.0,2001,70,65.00425531914894,2.58,1.03
31,31.0,2001,77,72.0,2.64,1.05
32,32.0,2001,84,76.0,2.67,1.06
33,33.0,2001,91,77.75319148936171,2.68,1.07
34,34.0,2001,98,79.49787234042553,2.69,1.07
35,35.0,2001,105,80.0,2.69,1.07
36,36.0,2001,112,80.0,2.69,1.07
37,37.0,2001,2000,80.0,2.69,1.07
38,43.0,1003,0,0.0,0.0,0.0
39,44.0,1003,7,0.0,0.0,0.0
40,45.0,1003,14,0.0,0.01,0.01
41,46.0,1003,21,0.0,0.01,0.01
42,47.0,1003,28,1.0,0.02,0.01
43,48.0,1003,35,3.0,0.03,0.02
44,49.0,1003,42,9.0,0.09,0.06
45,50.0,1003,49,19.0,0.21,0.14
46,51.0,1003,56,37.0,0.43,0.29
47,52.0,1003,63,58.0,0.61,0.41
48,53.0,1003,70,77.0,0.74,0.49
49,54.0,1003,77,91.0,0.79,0.53
50,55.0,1003,84,96.0,0.8,0.53
51,56.0,1003,91,98.0,0.8,0.54
52,57.0,1003,98,100.0,0.81,0.54
53,58.0,1003,105,100.0,0.81,0.54
54,59.0,1003,2000,100.0,0.81,0.54
55,60.0,1006,0,0.0,0.0,0.0
56,61.0,1006,7,1.0,0.0,0.0
57,62.0,1006,14,2.0,0.01,0.0
58,63.0,1006,21,5.0,0.01,0.0
59,64.0,1006,28,14.0,0.02,0.01
60,65.0,1006,35,32.0,0.05,0.02
61,66.0,1006,42,57.0,0.1,0.03
62,67.0,1006,49,79.0,0.17,0.06
63,68.0,1006,56,92.0,0.26,0.09
64,69.0,1006,63,97.0,0.35,0.12
65,70.0,1006,70,100.0,0.42,0.14
66,71.0,1006,77,100.0,0.46,0.16
67,72.0,1006,84,100.0,0.48,0.16
68,73.0,1006,91,100.0,0.49,0.17
69,74.0,1006,98,100.0,0.5,0.17
70,75.0,1006,105,100.0,0.5,0.17
71,76.0,1006,2000,100.0,0.5,0.17
72,77.0,2006,0,0.0,0.0,0.0
73,78.0,2006,7,0.0,0.01,0.0
74,79.0,2006,14,0.43,0.01,0.0
75,80.0,2006,21,1.3,0.02,0.01
76,81.0,2006,28,2.83,0.02,0.01
77,82.0,2006,35,5.98,0.03,0.01
78,83.0,2006,42,11.09,0.05,0.02
79,84.0,2006,49,19.46,0.09,0.03
80,85.0,2006,56,33.7,0.14,0.05
81,86.0,2006,63,49.89,0.21,0.07
82,87.0,2006,70,67.39,0.29,0.1
83,88.0,2006,77,79.57,0.36,0.12
84,89.0,2006,84,87.39,0.41,0.14
85,90.0,2006,91,91.96,0.44,0.15
86,91.0,2006,98,96.52,0.47,0.16
87,92.0,2006,105,98.91,0.49,0.17
88,93.0,2006,112,100.0,0.5,0.17
89,94.0,2006,119,100.0,0.5,0.17
90,95.0,2006,126,100.0,0.5,0.17
91,96.0,2006,133,100.0,0.5,0.17
92,97.0,2006,2000,100.0,0.5,0.17
93,98.0,1007,0,0.0,0.0,0.0
94,99.0,1007,7,0.0,0.01,0.0
95,100.0,1007,14,0.0,0.02,0.0
96,101.0,1007,21,1.0,0.02,0.01
97,102.0,1007,28,3.0,0.03,0.01
98,103.0,1007,35,6.0,0.04,0.02
99,104.0,1007,42,10.0,0.07,0.02
100,105.0,1007,49,18.0,0.11,0.04
101,106.0,1007,56,31.0,0.18,0.06
102,107.0,1007,63,46.0,0.26,0.09
103,108.0,1007,70,62.0,0.36,0.12
104,109.0,1007,77,73.0,0.45,0.15
105,110.0,1007,84,80.0,0.51,0.17
106,111.0,1007,91,85.0,0.55,0.18
107,112.0,1007,98,89.0,0.59,0.2
108,113.0,1007,105,91.0,0.6,0.2
109,114.0,1007,112,91.0,0.61,0.21
110,115.0,1007,119,92.0,0.62,0.21
111,116.0,1007,126,92.0,0.62,0.21
112,117.0,1007,133,92.0,0.62,0.21
113,118.0,1007,140,92.0,0.62,0.21
114,119.0,1007,147,92.0,0.62,0.21
115,120.0,1007,154,92.0,0.62,0.21
116,121.0,1007,161,92.0,0.62,0.21
117,122.0,1007,168,92.0,0.62,0.21
118,123.0,1007,2000,92.0,0.62,0.21
119,124.0,1008,0,0.0,,0.0
120,125.0,1008,7,5.0,,0.02
121,126.0,1008,14,14.0,,0.04
122,127.0,1008,21,25.0,,0.06
123,128.0,1008,28,25.0,,0.06
124,129.0,1008,35,25.0,,0.06
125,130.0,1008,42,25.0,,0.06
126,131.0,1008,49,25.0,,0.06
127,132.0,1008,56,25.0,,0.06
128,133.0,1008,63,25.0,,0.06
129,134.0,1008,70,25.0,,0.06
130,135.0,1008,77,25.0,,0.06
131,136.0,1008,84,25.0,,0.06
132,137.0,1008,91,25.0,,0.06
133,138.0,1008,98,25.0,,0.06
134,139.0,1008,105,25.0,,0.06
135,140.0,1008,112,25.0,,0.06
136,141.0,1008,119,25.0,,0.06
137,142.0,1008,126,25.0,,0.06
138,143.0,1008,133,25.0,,0.06
139,144.0,1008,140,25.0,,0.06
140,145.0,1008,147,25.0,,0.06
141,146.0,1008,154,25.0,,0.06
142,147.0,1008,161,25.0,,0.06
143,148.0,1008,168,27.0,,0.06
144,149.0,1008,175,29.0,,0.07
145,150.0,1008,182,32.0,,0.07
146,151.0,1008,189,37.0,,0.09
147,152.0,1008,196,42.0,,0.1
148,153.0,1008,203,48.0,,0.12
149,154.0,1008,210,55.0,,0.16
150,155.0,1008,217,62.0,,0.19
151,156.0,1008,224,70.0,,0.23
152,157.0,1008,231,79.0,,0.29
153,158.0,1008,238,88.0,,0.35
154,159.0,1008,2000,88.0,,0.35
155,160.0,2008,0,0.0,,0.0
156,161.0,2008,7,4.0,,0.01
157,162.0,2008,14,5.0,,0.02
158,163.0,2008,21,5.0,,0.02
159,164.0,2008,28,5.0,,0.02
160,165.0,2008,35,5.0,,0.02
161,166.0,2008,42,5.0,,0.02
162,167.0,2008,49,5.0,,0.02
163,168.0,2008,56,5.0,,0.02
164,169.0,2008,63,5.0,,0.02
165,170.0,2008,70,5.0,,0.02
166,171.0,2008,77,5.0,,0.02
167,172.0,2008,84,5.0,,0.02
168,173.0,2008,91,5.0,,0.02
169,174.0,2008,98,5.0,,0.02
170,175.0,2008,105,5.0,,0.02
171,176.0,2008,112,5.0,,0.02
172,177.0,2008,119,5.0,,0.02
173,178.0,2008,126,5.0,,0.02
174,179.0,2008,133,5.0,,0.02
175,180.0,2008,140,5.0,,0.02
176,181.0,2008,147,5.0,,0.02
177,182.0,2008,154,5.0,,0.02
178,183.0,2008,161,5.0,,0.02
179,184.0,2008,168,7.0,,0.02
180,185.0,2008,175,9.0,,0.03
181,186.0,2008,182,12.0,,0.03
182,187.0,2008,189,19.0,,0.05
183,188.0,2008,196,26.0,,0.06
184,189.0,2008,203,33.0,,0.08
185,190.0,2008,210,40.0,,0.1
186,191.0,2008,217,47.0,,0.12
187,192.0,2008,224,56.0,,0.16
188,193.0,2008,231,65.0,,0.21
189,194.0,2008,238,75.0,,0.26
190,195.0,2008,245,85.0,,0.32
191,196.0,2008,2000,85.0,,0.32
192,197.0,1009,0,0.0,,0.0
193,198.0,1009,7,5.0,,0.02
194,199.0,1009,14,15.0,,0.05
195,200.0,1009,21,32.0,,0.08
196,201.0,1009,28,58.0,,0.17
197,202.0,1009,35,66.0,,0.2
198,203.0,1009,42,66.0,,0.2
199,204.0,1009,49,66.0,,0.2
200,205.0,1009,56,66.0,,0.2
201,206.0,1009,63,66.0,,0.2
202,207.0,1009,70,66.0,,0.2
203,208.0,1009,77,66.0,,0.2
204,209.0,1009,84,66.0,,0.2
205,210.0,1009,91,66.0,,0.2
206,211.0,1009,98,66.0,,0.2
207,212.0,1009,105,66.0,,0.2
208,213.0,1009,112,66.0,,0.2
209,214.0,1009,119,66.0,,0.2
210,215.0,1009,126,66.0,,0.2
211,216.0,1009,133,66.0,,0.2
212,217.0,1009,140,66.0,,0.2
213,218.0,1009,147,66.0,,0.2
214,219.0,1009,154,66.0,,0.2
215,220.0,1009,161,66.0,,0.2
216,221.0,1009,168,66.0,,0.2
217,222.0,1009,175,66.0,,0.2
218,223.0,1009,182,67.0,,0.21
219,224.0,1009,189,70.0,,0.22
220,225.0,1009,196,73.0,,0.24
221,226.0,1009,203,77.0,,0.27
222,227.0,1009,210,83.0,,0.31
223,228.0,1009,217,89.0,,0.35
224,229.0,1009,224,91.0,,0.37
225,230.0,1009,231,91.0,,0.37
226,231.0,1009,238,91.0,,0.37
227,232.0,1009,2000,91.0,,0.37
228,233.0,1010,0,0.0,0.0,0.0
229,234.0,1010,7,0.0,0.01,0.0
230,235.0,1010,14,0.0,0.01,0.0
231,236.0,1010,21,0.0,0.02,0.01
232,237.0,1010,28,0.0,0.03,0.01
233,238.0,1010,35,1.0,0.04,0.02
234,239.0,1010,42,4.0,0.06,0.02
235,240.0,1010,49,9.0,0.08,0.03
236,241.0,1010,56,26.0,0.12,0.04
237,242.0,1010,63,48.0,0.17,0.06
238,243.0,1010,70,73.0,0.24,0.08
239,244.0,1010,77,85.0,0.32,0.11
240,245.0,1010,84,91.0,0.41,0.14
241,246.0,1010,91,93.0,0.5,0.16
242,247.0,1010,98,95.0,0.59,0.19
243,248.0,1010,105,95.0,0.65,0.21
244,249.0,1010,112,95.0,0.7,0.23
245,250.0,1010,119,95.0,0.75,0.25
246,251.0,1010,126,95.0,0.77,0.25
247,252.0,1010,133,95.0,0.78,0.26
248,253.0,1010,140,95.0,0.8,0.26
249,254.0,1010,147,95.0,0.81,0.27
250,255.0,1010,154,95.0,0.82,0.27
251,256.0,1010,161,95.0,0.82,0.27
252,257.0,1010,168,95.0,0.82,0.27
253,258.0,1010,2000,95.0,0.82,0.27
254,259.0,1013,0,0.0,,0.0
255,260.0,1013,7,9.0,,0.01
256,261.0,1013,14,18.0,,0.03
257,262.0,1013,21,27.0,,0.04
258,263.0,1013,28,35.0,,0.06
259,264.0,1013,35,43.0,,0.09
260,265.0,1013,42,50.0,,0.12
261,266.0,1013,49,56.0,,0.16
262,267.0,1013,56,62.0,,0.19
263,268.0,1013,63,67.0,,0.22
264,269.0,1013,70,72.0,,0.25
265,270.0,1013,77,76.0,,0.27
266,271.0,1013,84,80.0,,0.29
267,272.0,1013,91,82.0,,0.3
268,273.0,1013,98,85.0,,0.32
269,274.0,1013,105,88.0,,0.32
270,275.0,1013,112,90.0,,0.33
271,276.0,1013,119,92.0,,0.33
272,277.0,1013,126,93.0,,0.33
273,278.0,1013,133,95.0,,0.33
274,279.0,1013,140,96.0,,0.33
275,280.0,1013,147,97.0,,0.33
276,281.0,1013,154,97.0,,0.33
277,282.0,1013,2000,97.0,,0.33
278,283.0,1014,0,0.0,,0.0
279,284.0,1014,7,1.0,,0.01
280,285.0,1014,14,5.0,,0.03
281,286.0,1014,21,11.0,,0.05
282,287.0,1014,28,20.0,,0.07
283,288.0,1014,35,31.0,,0.1
284,289.0,1014,42,44.0,,0.13
285,290.0,1014,49,60.0,,0.15
286,291.0,1014,56,75.0,,0.17
287,292.0,1014,63,86.0,,0.19
288,293.0,1014,70,92.0,,0.2
289,294.0,1014,77,98.0,,0.21
290,295.0,1014,84,94.0,,0.23
291,296.0,1014,91,82.0,,0.24
292,297.0,1014,98,71.0,,0.25
293,298.0,1014,105,52.0,,0.25
294,299.0,1014,112,52.0,,0.25
295,300.0,1014,119,52.0,,0.26
296,301.0,1014,126,52.0,,0.26
297,302.0,1014,133,52.0,,0.26
298,303.0,1014,140,52.0,,0.26
299,304.0,1014,2000,52.0,,0.26
300,305.0,1015,0,0.0,0.02,0.01
301,306.0,1015,7,0.0,0.06,0.02
302,307.0,1015,14,1.0,0.25,0.08
303,308.0,1015,21,1.0,0.92,0.31
304,309.0,1015,28,3.0,2.61,0.87
305,310.0,1015,35,5.0,4.75,1.58
306,311.0,1015,42,8.0,5.96,1.98
307,312.0,1015,49,14.0,6.36,2.11
308,313.0,1015,56,23.0,6.46,2.15
309,314.0,1015,63,35.0,6.49,2.16
310,315.0,1015,70,50.0,6.5,2.16
311,316.0,1015,77,65.0,6.5,2.16
312,317.0,1015,84,77.0,6.5,2.16
313,318.0,1015,91,86.0,6.5,2.16
314,319.0,1015,98,92.0,6.5,2.16
315,320.0,1015,105,95.0,6.5,2.16
316,321.0,1015,112,97.0,6.5,2.16
317,322.0,1015,119,100.0,6.5,2.16
318,323.0,1015,126,100.0,6.5,2.16
319,324.0,1015,133,100.0,6.5,2.16
320,325.0,1015,140,100.0,6.5,2.16
321,326.0,1015,2000,100.0,6.5,2.16
322,327.0,1016,0,0.0,,0.0
323,328.0,1016,7,1.0,,0.0
324,329.0,1016,14,4.0,,0.0
325,330.0,1016,21,14.0,,0.0
326,331.0,1016,28,40.0,,0.01
327,332.0,1016,35,73.0,,0.02
328,333.0,1016,42,92.0,,0.03
329,334.0,1016,49,98.0,,0.03
330,335.0,1016,56,100.0,,0.03
331,336.0,1016,2000,100.0,,0.03
332,337.0,2016,0,0.0,,0.0
333,338.0,2016,7,4.0,,0.02
334,339.0,2016,14,7.0,,0.03
335,340.0,2016,21,11.0,,0.03
336,341.0,2016,28,17.0,,0.03
337,342.0,2016,35,38.0,,0.03
338,343.0,2016,42,65.0,,0.03
339,344.0,2016,49,91.0,,0.03
340,345.0,2016,56,97.0,,0.03
341,346.0,2016,63,98.0,,0.03
342,347.0,2016,70,100.0,,0.03
343,348.0,2016,77,100.0,,0.03
344,349.0,2016,84,100.0,,0.03
345,350.0,2016,91,100.0,,0.03
346,351.0,2016,98,100.0,,0.03
347,352.0,2016,105,100.0,,0.03
348,353.0,2016,112,100.0,,0.03
349,354.0,2016,119,100.0,,0.03
350,355.0,2016,126,100.0,,0.03
351,356.0,2016,133,100.0,,0.03
352,357.0,2016,140,100.0,,0.03
353,358.0,2016,147,100.0,,0.03
354,359.0,2016,154,100.0,,0.03
355,360.0,2016,161,100.0,,0.03
356,361.0,2016,168,100.0,,0.03
357,362.0,2016,175,100.0,,0.03
358,363.0,2016,182,100.0,,0.03
359,364.0,2016,189,100.0,,0.03
360,365.0,2016,196,100.0,,0.03
361,366.0,2016,203,100.0,,0.03
362,367.0,2016,210,100.0,,0.03
363,368.0,2016,217,100.0,,0.03
364,369.0,2016,224,100.0,,0.03
365,370.0,2016,231,100.0,,0.03
366,371.0,2016,238,100.0,,0.03
367,372.0,2016,2000,100.0,,0.03
368,373.0,3016,0,0.0,,0.0
369,374.0,3016,7,4.0,,0.02
370,375.0,3016,14,7.0,,0.03
371,376.0,3016,21,11.0,,0.03
372,377.0,3016,28,17.0,,0.03
373,378.0,3016,35,31.0,,0.03
374,379.0,3016,42,47.0,,0.03
375,380.0,3016,49,63.0,,0.03
376,381.0,3016,56,65.0,,0.03
377,382.0,3016,63,65.0,,0.03
378,383.0,3016,70,65.0,,0.03
379,384.0,3016,77,65.0,,0.03
380,385.0,3016,84,65.0,,0.03
381,386.0,3016,91,65.0,,0.03
382,387.0,3016,98,65.0,,0.03
383,388.0,3016,105,65.0,,0.03
384,389.0,3016,112,65.0,,0.03
385,390.0,3016,119,65.0,,0.03
386,391.0,3016,126,65.0,,0.03
387,392.0,3016,133,65.0,,0.03
388,393.0,3016,140,65.0,,0.03
389,394.0,3016,147,65.0,,0.03
390,395.0,3016,154,65.0,,0.03
391,396.0,3016,161,65.0,,0.03
392,397.0,3016,168,65.0,,0.03
393,398.0,3016,175,65.0,,0.03
394,399.0,3016,182,66.0,,0.03
395,400.0,3016,189,70.0,,0.03
396,401.0,3016,196,73.0,,0.03
397,402.0,3016,203,77.0,,0.03
398,403.0,3016,210,80.0,,0.03
399,404.0,3016,217,84.0,,0.03
400,405.0,3016,224,88.0,,0.03
401,406.0,3016,231,93.0,,0.03
402,407.0,3016,238,100.0,,0.03
403,408.0,3016,2000,100.0,,0.03
404,409.0,4016,0,0.0,,0.0
405,410.0,4016,7,4.0,,0.02
406,411.0,4016,14,7.0,,0.03
407,412.0,4016,21,11.0,,0.03
408,413.0,4016,28,14.0,,0.03
409,414.0,4016,35,15.0,,0.03
410,415.0,4016,42,15.0,,0.03
411,416.0,4016,49,15.0,,0.03
412,417.0,4016,56,15.0,,0.03
413,418.0,4016,63,15.0,,0.03
414,419.0,4016,70,15.0,,0.03
415,420.0,4016,77,15.0,,0.03
416,421.0,4016,84,15.0,,0.03
417,422.0,4016,91,15.0,,0.03
418,423.0,4016,98,15.0,,0.03
419,424.0,4016,105,15.0,,0.03
420,425.0,4016,112,15.0,,0.03
421,426.0,4016,119,15.0,,0.03
422,427.0,4016,126,15.0,,0.03
423,428.0,4016,133,15.0,,0.03
424,429.0,4016,140,15.0,,0.03
425,430.0,4016,147,15.0,,0.03
426,431.0,4016,154,15.0,,0.03
427,432.0,4016,161,16.0,,0.03
428,433.0,4016,168,21.0,,0.03
429,434.0,4016,175,26.0,,0.03
430,435.0,4016,182,32.0,,0.03
431,436.0,4016,189,37.0,,0.03
432,437.0,4016,196,42.0,,0.03
433,438.0,4016,203,47.0,,0.03
434,439.0,4016,210,53.0,,0.03
435,440.0,4016,217,58.0,,0.03
436,441.0,4016,224,65.0,,0.03
437,442.0,4016,231,74.0,,0.03
438,443.0,4016,238,83.0,,0.03
439,444.0,4016,245,93.0,,0.03
440,445.0,4016,2000,93.0,,0.03
441,446.0,5016,0,0.0,,0.0
442,447.0,5016,7,4.0,,0.02
443,448.0,5016,14,5.0,,0.03
444,449.0,5016,21,5.0,,0.03
445,450.0,5016,28,5.0,,0.03
446,451.0,5016,35,5.0,,0.03
447,452.0,5016,42,5.0,,0.03
448,453.0,5016,49,5.0,,0.03
449,454.0,5016,56,5.0,,0.03
450,455.0,5016,63,5.0,,0.03
451,456.0,5016,70,5.0,,0.03
452,457.0,5016,77,5.0,,0.03
453,458.0,5016,84,5.0,,0.03
454,459.0,5016,91,5.0,,0.03
455,460.0,5016,98,5.0,,0.03
456,461.0,5016,105,5.0,,0.03
457,462.0,5016,112,5.0,,0.03
458,463.0,5016,119,5.0,,0.03
459,464.0,5016,126,5.0,,0.03
460,465.0,5016,133,5.0,,0.03
461,466.0,5016,140,6.0,,0.03
462,467.0,5016,147,7.0,,0.03
463,468.0,5016,154,8.0,,0.03
464,469.0,5016,161,10.0,,0.03
465,470.0,5016,168,15.0,,0.03
466,471.0,5016,175,20.0,,0.03
467,472.0,5016,182,24.0,,0.03
468,473.0,5016,189,29.0,,0.03
469,474.0,5016,196,34.0,,0.03
470,475.0,5016,203,40.0,,0.03
471,476.0,5016,210,46.0,,0.03
472,477.0,5016,217,52.0,,0.03
473,478.0,5016,224,60.0,,0.03
474,479.0,5016,231,69.0,,0.03
475,480.0,5016,238,78.0,,0.03
476,481.0,5016,245,90.0,,0.03
477,482.0,5016,2000,90.0,,0.03
478,483.0,1018,0,0.0,,0.0
479,484.0,1018,7,4.0,,0.0
480,485.0,1018,14,7.0,,0.0
481,486.0,1018,21,8.0,,0.0
482,487.0,1018,28,8.0,,0.0
483,488.0,1018,35,8.0,,0.0
484,489.0,1018,42,9.0,,0.0
485,490.0,1018,49,9.0,,0.0
486,491.0,1018,56,9.0,,0.0
487,492.0,1018,63,9.0,,0.0
488,493.0,1018,70,10.0,,0.0
489,494.0,1018,77,10.0,,0.0
490,495.0,1018,84,11.0,,0.0
491,496.0,1018,91,11.0,,0.0
492,497.0,1018,98,12.0,,0.0
493,498.0,1018,105,13.0,,0.0
494,499.0,1018,112,14.0,,0.0
495,500.0,1018,119,15.0,,0.0
496,501.0,1018,126,17.0,,0.0
497,502.0,1018,133,19.0,,0.01
498,503.0,1018,140,21.0,,0.01
499,504.0,1018,147,23.0,,0.02
500,505.0,1018,154,26.0,,0.03
501,506.0,1018,161,30.0,,0.03
502,507.0,1018,168,34.0,,0.04
503,508.0,1018,175,38.0,,0.05
504,509.0,1018,182,43.0,,0.06
505,510.0,1018,189,49.0,,0.08
506,511.0,1018,196,54.0,,0.09
507,512.0,1018,203,60.0,,0.1
508,513.0,1018,210,66.0,,0.11
509,514.0,1018,217,72.0,,0.12
510,515.0,1018,224,77.0,,0.13
511,516.0,1018,231,83.0,,0.14
512,517.0,1018,238,88.0,,0.15
513,518.0,1018,245,93.0,,0.15
514,519.0,1018,252,96.0,,0.16
515,520.0,1018,259,100.0,,0.16
516,521.0,1018,266,100.0,,0.16
517,522.0,1018,2000,100.0,,0.16
518,523.0,1019,0,0.0,,0.0
519,524.0,1019,7,1.0,,0.01
520,525.0,1019,14,2.0,,0.02
521,526.0,1019,21,4.0,,0.02
522,527.0,1019,28,6.0,,0.03
523,528.0,1019,35,18.0,,0.03
524,529.0,1019,42,33.0,,0.03
525,530.0,1019,49,48.0,,0.04
526,531.0,1019,56,62.0,,0.05
527,532.0,1019,63,74.0,,0.06
528,533.0,1019,70,83.0,,0.06
529,534.0,1019,77,91.0,,0.06
530,535.0,1019,84,96.0,,0.06
531,536.0,1019,91,100.0,,0.06
532,537.0,1019,98,100.0,,0.06
533,538.0,1019,105,100.0,,0.06
534,539.0,1019,112,100.0,,0.06
535,540.0,1019,119,100.0,,0.06
536,541.0,1019,126,100.0,,0.06
537,542.0,1019,133,100.0,,0.06
538,543.0,1019,140,100.0,,0.06
539,544.0,1019,147,100.0,,0.06
540,545.0,1019,154,100.0,,0.06
541,546.0,1019,161,100.0,,0.06
542,547.0,1019,168,100.0,,0.06
543,548.0,1019,175,100.0,,0.06
544,549.0,1019,2000,100.0,,0.06
545,550.0,1025,0,0.0,0.0,0.0
546,551.0,1025,7,0.0,0.0,0.0
547,552.0,1025,14,1.0,0.01,0.0
548,553.0,1025,21,2.0,0.03,0.01
549,554.0,1025,28,3.0,0.07,0.02
550,555.0,1025,35,7.0,0.15,0.05
551,556.0,1025,42,13.0,0.28,0.09
552,557.0,1025,49,22.0,0.44,0.14
553,558.0,1025,56,34.0,0.57,0.19
554,559.0,1025,63,46.0,0.64,0.21
555,560.0,1025,70,54.0,0.68,0.22
556,561.0,1025,77,60.0,0.69,0.23
557,562.0,1025,84,62.0,0.7,0.23
558,563.0,1025,91,64.0,0.7,0.23
559,564.0,1025,98,64.0,0.7,0.23
560,565.0,1025,105,65.0,0.7,0.23
561,566.0,1025,2000,65.0,0.7,0.23
562,567.0,1026,0,0.0,,0.0
563,568.0,1026,7,2.0,,0.02
564,569.0,1026,14,3.0,,0.03
565,570.0,1026,21,4.0,,0.04
566,571.0,1026,28,6.0,,0.06
567,572.0,1026,35,9.0,,0.1
568,573.0,1026,42,11.0,,0.15
569,574.0,1026,49,13.0,,0.21
570,575.0,1026,56,15.0,,0.27
571,576.0,1026,63,16.0,,0.3
572,577.0,1026,70,17.0,,0.32
573,578.0,1026,77,18.0,,0.33
574,579.0,1026,84,17.0,,0.28
575,580.0,1026,91,15.0,,0.2
576,581.0,1026,98,13.0,,0.12
577,582.0,1026,105,10.0,,0.05
578,583.0,1026,112,10.0,,0.05
579,584.0,1026,119,10.0,,0.05
580,585.0,1026,126,10.0,,0.05
581,586.0,1026,133,10.0,,0.05
582,587.0,1026,140,10.0,,0.05
583,588.0,1026,2000,10.0,,0.05
584,589.0,1027,0,0.0,0.0,0.0
585,590.0,1027,7,0.0,0.0,0.0
586,591.0,1027,14,0.0,0.0,0.0
587,592.0,1027,21,0.0,0.0,0.0
588,593.0,1027,28,0.0,0.0,0.0
589,594.0,1027,35,1.0,0.0,0.0
590,595.0,1027,42,1.0,0.0,0.0
591,596.0,1027,49,3.0,0.01,0.0
592,597.0,1027,56,6.0,0.02,0.01
593,598.0,1027,63,12.0,0.03,0.01
594,599.0,1027,70,21.0,0.06,0.02
595,600.0,1027,77,34.0,0.1,0.03
596,601.0,1027,84,49.0,0.15,0.05
597,602.0,1027,91,63.0,0.19,0.06
598,,1027,98,75.0,0.23,0.08
599,,1027,105,87.0,0.26,0.09
600,,1027,112,94.0,0.28,0.09
601,,1027,119,98.0,0.29,0.1
602,,1027,126,100.0,0.3,0.1
603,,1027,133,100.0,0.3,0.1
604,,1027,140,100.0,0.3,0.1
605,,1027,2000,100.0,0.3,0.1
606,559.0,1031,0,0.0,0.0,0.0
607,560.0,1031,7,1.0,0.03,0.01
608,561.0,1031,14,2.0,0.05,0.01
609,562.0,1031,21,3.0,0.08,0.02
610,563.0,1031,28,5.0,0.13,0.04
611,564.0,1031,35,10.0,0.21,0.07
612,565.0,1031,42,18.0,0.3,0.1
613,566.0,1031,49,34.0,0.4,0.14
614,567.0,1031,56,51.0,0.48,0.16
615,568.0,1031,63,65.0,0.54,0.18
616,569.0,1031,70,73.0,0.58,0.19
617,570.0,1031,77,75.0,0.6,0.2
618,571.0,1031,84,76.0,0.61,0.2
619,572.0,1031,91,77.0,0.61,0.21
620,573.0,1031,98,77.0,0.62,0.21
621,574.0,1031,105,77.0,0.62,0.21
622,575.0,1031,112,78.0,0.62,0.21
623,576.0,1031,119,78.0,0.62,0.21
624,577.0,1031,126,78.0,0.62,0.21
625,578.0,1031,133,78.0,0.62,0.21
626,579.0,1031,140,78.0,0.62,0.21
627,580.0,1031,147,78.0,0.62,0.21
628,581.0,1031,154,78.0,0.62,0.21
629,582.0,1031,161,78.0,0.62,0.21
630,583.0,1031,168,78.0,0.62,0.21
631,584.0,1031,2000,78.0,0.62,0.21
632,585.0,1032,0,0.0,0.0,0.0
633,586.0,1032,7,1.0,0.03,0.01
634,587.0,1032,14,2.0,0.05,0.01
635,588.0,1032,21,3.0,0.08,0.02
636,589.0,1032,28,5.0,0.13,0.04
637,590.0,1032,35,10.0,0.21,0.07
638,591.0,1032,42,18.0,0.3,0.1
639,592.0,1032,49,34.0,0.4,0.14
640,593.0,1032,56,51.0,0.48,0.16
641,594.0,1032,63,65.0,0.54,0.18
642,595.0,1032,70,73.0,0.58,0.19
643,596.0,1032,77,75.0,0.6,0.2
644,597.0,1032,84,76.0,0.61,0.2
645,598.0,1032,91,77.0,0.61,0.21
646,599.0,1032,98,77.0,0.62,0.21
647,600.0,1032,105,77.0,0.62,0.21
648,601.0,1032,112,78.0,0.62,0.21
649,602.0,1032,119,78.0,0.62,0.21
650,603.0,1032,126,78.0,0.62,0.21
651,604.0,1032,133,78.0,0.62,0.21
652,605.0,1032,140,78.0,0.62,0.21
653,606.0,1032,147,78.0,0.62,0.21
654,607.0,1032,154,78.0,0.62,0.21
655,608.0,1032,161,78.0,0.62,0.21
656,609.0,1032,168,78.0,0.62,0.21
657,610.0,1032,2000,78.0,0.62,0.21
658,611.0,1033,0,0.0,0.0,0.0
659,612.0,1033,7,0.0,0.0,0.0
660,613.0,1033,14,0.0,0.0,0.0
661,614.0,1033,21,1.0,0.01,0.0
662,615.0,1033,28,2.0,0.01,0.01
663,616.0,1033,35,3.0,0.03,0.01
664,617.0,1033,42,6.0,0.05,0.03
665,618.0,1033,49,12.0,0.09,0.05
666,619.0,1033,56,22.0,0.18,0.09
667,620.0,1033,63,40.0,0.32,0.16
668,621.0,1033,70,59.0,0.47,0.24
669,622.0,1033,77,71.0,0.57,0.28
670,623.0,1033,84,75.0,0.6,0.3
671,624.0,1033,2000,75.0,0.6,0.3
672,625.0,2033,0,0.0,0.0,0.0
673,626.0,2033,7,0.0,0.0,0.0
674,627.0,2033,14,0.0,0.0,0.0
675,628.0,2033,21,1.0,0.01,0.0
676,629.0,2033,28,2.0,0.02,0.01
677,630.0,2033,35,4.0,0.03,0.02
678,631.0,2033,42,7.0,0.05,0.03
679,632.0,2033,49,11.0,0.09,0.04
680,633.0,2033,56,18.0,0.14,0.07
681,634.0,2033,63,28.0,0.22,0.11
682,635.0,2033,70,41.0,0.33,0.16
683,636.0,2033,77,55.0,0.44,0.22
684,637.0,2033,84,66.0,0.52,0.26
685,638.0,2033,91,72.0,0.57,0.29
686,639.0,2033,98,75.0,0.6,0.3
687,640.0,2033,2000,75.0,0.6,0.3
688,641.0,3033,0,0.0,0.0,0.0
689,642.0,3033,7,0.0,0.0,0.0
690,643.0,3033,14,0.0,0.0,0.0
691,644.0,3033,21,1.0,0.01,0.0
692,645.0,3033,28,2.0,0.02,0.01
693,646.0,3033,35,5.0,0.04,0.02
694,647.0,3033,42,8.0,0.06,0.03
695,648.0,3033,49,12.0,0.1,0.05
696,649.0,3033,56,17.0,0.14,0.07
697,650.0,3033,63,22.0,0.17,0.09
698,651.0,3033,70,25.0,0.2,0.1
699,652.0,3033,77,29.0,0.23,0.12
700,653.0,3033,84,33.0,0.27,0.13
701,654.0,3033,91,36.0,0.29,0.14
702,655.0,3033,98,39.0,0.31,0.15
703,656.0,3033,105,41.0,0.33,0.16
704,657.0,3033,112,43.0,0.34,0.17
705,658.0,3033,119,43.0,0.34,0.17
706,659.0,3033,126,43.0,0.34,0.17
707,660.0,3033,133,43.0,0.34,0.17
708,661.0,3033,140,43.0,0.34,0.17
709,662.0,3033,147,43.0,0.34,0.17
710,663.0,3033,154,43.0,0.34,0.17
711,664.0,3033,161,43.0,0.34,0.17
712,665.0,3033,168,43.0,0.34,0.17
713,666.0,3033,175,43.0,0.34,0.17
714,667.0,3033,182,43.0,0.34,0.17
715,668.0,3033,2000,43.0,0.34,0.17
716,669.0,1034,0,0.0,0.0,0.0
717,670.0,1034,7,0.0,0.0,0.0
718,671.0,1034,14,1.0,0.0,0.0
719,672.0,1034,21,1.0,0.0,0.0
720,673.0,1034,28,4.0,0.01,0.0
721,674.0,1034,35,9.0,0.02,0.01
722,675.0,1034,42,26.0,0.07,0.02
723,676.0,1034,49,60.0,0.17,0.06
724,677.0,1034,56,82.0,0.23,0.08
725,678.0,1034,63,100.0,0.28,0.09
726,679.0,1034,2000,100.0,0.28,0.09
727,680.0,2034,0,0.0,0.0,0.0
728,681.0,2034,7,0.0,0.0,0.0
729,682.0,2034,14,1.0,0.0,0.0
730,683.0,2034,21,4.0,0.01,0.0
731,684.0,2034,28,16.0,0.04,0.01
732,685.0,2034,35,63.0,0.17,0.06
733,686.0,2034,42,100.0,0.28,0.09
734,687.0,2034,2000,100.0,0.28,0.09
735,688.0,1035,0,0.0,0.0,0.0
736,689.0,1035,7,2.0,0.0,0.0
737,690.0,1035,14,9.0,0.0,0.0
738,691.0,1035,21,40.0,0.01,0.0
739,692.0,1035,28,81.0,0.01,0.0
740,693.0,1035,35,97.0,0.01,0.0
741,694.0,1035,42,100.0,0.02,0.0
742,695.0,1035,49,100.0,0.03,0.01
743,696.0,1035,56,100.0,0.04,0.01
744,697.0,1035,63,100.0,0.06,0.02
745,698.0,1035,70,100.0,0.09,0.02
746,699.0,1035,77,100.0,0.13,0.03
747,700.0,1035,84,100.0,0.18,0.04
748,701.0,1035,91,100.0,0.24,0.06
749,702.0,1035,98,100.0,0.31,0.08
750,703.0,1035,105,100.0,0.37,0.09
751,704.0,1035,112,100.0,0.44,0.11
752,705.0,1035,119,100.0,0.49,0.12
753,706.0,1035,126,100.0,0.54,0.13
754,707.0,1035,133,100.0,0.57,0.14
755,708.0,1035,140,100.0,0.6,0.15
756,709.0,1035,147,100.0,0.61,0.15
757,710.0,1035,154,100.0,0.63,0.15
758,711.0,1035,161,100.0,0.63,0.16
759,712.0,1035,168,100.0,0.64,0.16
760,713.0,1035,175,100.0,0.64,0.16
761,714.0,1035,182,100.0,0.65,0.16
762,715.0,1035,189,100.0,0.65,0.16
763,716.0,1035,196,100.0,0.65,0.16
764,717.0,1035,2000,100.0,0.65,0.16
765,718.0,1036,0,0.0,0.0,0.0
766,719.0,1036,7,0.0,0.0,0.0
767,720.0,1036,14,1.0,0.01,0.0
768,721.0,1036,21,2.0,0.01,0.0
769,722.0,1036,28,4.0,0.02,0.0
770,723.0,1036,35,8.0,0.03,0.01
771,724.0,1036,42,14.0,0.05,0.01
772,725.0,1036,49,25.0,0.09,0.02
773,726.0,1036,56,40.0,0.15,0.04
774,727.0,1036,63,57.0,0.23,0.06
775,728.0,1036,70,73.0,0.33,0.08
776,729.0,1036,77,85.0,0.42,0.1
777,730.0,1036,84,92.0,0.5,0.12
778,731.0,1036,91,96.0,0.56,0.14
779,732.0,1036,98,98.0,0.6,0.15
780,733.0,1036,105,100.0,0.62,0.15
781,734.0,1036,112,100.0,0.63,0.16
782,735.0,1036,119,100.0,0.64,0.16
783,736.0,1036,126,100.0,0.64,0.16
784,737.0,1036,133,100.0,0.65,0.16
785,738.0,1036,140,100.0,0.65,0.16
786,739.0,1036,2000,100.0,0.65,0.16
787,740.0,1037,0,0.0,0.0,0.0
788,741.0,1037,7,11.0,0.07,0.02
789,742.0,1037,14,24.0,0.09,0.03
790,743.0,1037,21,45.0,0.12,0.04
791,744.0,1037,28,68.0,0.17,0.06
792,745.0,1037,35,84.0,0.22,0.07
793,746.0,1037,42,93.0,0.29,0.1
794,747.0,1037,49,97.0,0.37,0.12
795,748.0,1037,56,99.0,0.45,0.15
796,749.0,1037,63,100.0,0.54,0.18
797,750.0,1037,70,100.0,0.62,0.21
798,751.0,1037,77,100.0,0.7,0.23
799,752.0,1037,84,100.0,0.77,0.25
800,753.0,1037,91,100.0,0.82,0.27
801,754.0,1037,98,100.0,0.87,0.29
802,755.0,1037,105,100.0,0.9,0.3
803,756.0,1037,112,100.0,0.93,0.31
804,757.0,1037,119,100.0,0.95,0.31
805,762.0,1037,2000,100.0,0.95,0.31
806,763.0,1038,0,0.0,0.0,0.0
807,764.0,1038,7,2.0,0.0,0.0
808,765.0,1038,14,9.0,0.01,0.0
809,766.0,1038,21,40.0,0.02,0.01
810,767.0,1038,28,81.0,0.04,0.01
811,768.0,1038,35,97.0,0.08,0.03
812,769.0,1038,42,100.0,0.14,0.05
813,770.0,1038,49,100.0,0.25,0.08
814,771.0,1038,56,100.0,0.4,0.13
815,772.0,1038,63,100.0,0.57,0.19
816,773.0,1038,70,100.0,0.73,0.24
817,774.0,1038,77,100.0,0.85,0.28
818,775.0,1038,84,100.0,0.92,0.3
819,776.0,1038,91,100.0,0.96,0.32
820,777.0,1038,98,100.0,0.98,0.32
821,778.0,1038,105,100.0,0.99,0.33
822,779.0,1038,112,100.0,0.99,0.33
823,780.0,1038,119,100.0,1.0,0.33
824,781.0,1038,2000,100.0,1.0,0.33
825,782.0,1039,0,0.0,0.0,0.0
826,783.0,1039,7,2.0,0.01,0.0
827,784.0,1039,14,9.0,0.04,0.01
828,785.0,1039,21,40.0,0.16,0.05
829,786.0,1039,28,81.0,0.33,0.11
830,787.0,1039,35,97.0,0.39,0.13
831,788.0,1039,42,100.0,0.4,0.13
832,789.0,1039,2000,100.0,0.4,0.13
833,790.0,1040,0,0.0,0.0,0.0
834,791.0,1040,7,2.0,0.01,0.0
835,792.0,1040,14,9.0,0.04,0.01
836,793.0,1040,21,40.0,0.16,0.05
837,794.0,1040,28,81.0,0.33,0.11
838,795.0,1040,35,97.0,0.39,0.13
839,796.0,1040,42,100.0,0.4,0.13
840,797.0,1040,2000,100.0,0.4,0.13
841,798.0,1041,0,0.0,0.0,0.0
842,799.0,1041,7,0.0,0.0,0.0
843,800.0,1041,14,0.0,0.0,0.0
844,801.0,1041,21,1.0,0.0,0.0
845,802.0,1041,28,1.0,0.01,0.0
846,803.0,1041,35,2.0,0.01,0.0
847,804.0,1041,42,4.0,0.02,0.01
848,805.0,1041,49,5.0,0.03,0.01
849,806.0,1041,56,8.0,0.04,0.01
850,807.0,1041,63,11.0,0.05,0.02
851,808.0,1041,70,16.0,0.07,0.02
852,809.0,1041,77,22.0,0.1,0.03
853,810.0,1041,84,30.0,0.14,0.05
854,811.0,1041,91,38.0,0.18,0.06
855,812.0,1041,98,46.0,0.22,0.07
856,813.0,1041,105,53.0,0.25,0.08
857,814.0,1041,112,60.0,0.28,0.09
858,815.0,1041,119,65.0,0.3,0.1
859,816.0,1041,126,69.0,0.32,0.11
860,817.0,1041,133,73.0,0.34,0.11
861,818.0,1041,140,75.0,0.35,0.11
862,819.0,1041,147,75.0,0.35,0.11
863,820.0,1041,2000,75.0,0.35,0.11
864,821.0,1043,0,0.0,0.0,0.0
865,822.0,1043,7,1.0,0.0,0.0
866,823.0,1043,14,2.0,0.0,0.0
867,824.0,1043,21,4.0,0.01,0.0
868,825.0,1043,28,9.0,0.03,0.01
869,826.0,1043,35,21.0,0.06,0.02
870,827.0,1043,42,40.0,0.12,0.04
871,828.0,1043,49,63.0,0.19,0.06
872,829.0,1043,56,81.0,0.24,0.08
873,830.0,1043,63,92.0,0.28,0.09
874,831.0,1043,70,97.0,0.29,0.1
875,832.0,1043,77,100.0,0.3,0.1
876,833.0,1043,84,100.0,0.3,0.1
877,834.0,1043,2000,100.0,0.3,0.1
878,835.0,1044,0,0.0,0.0,0.0
879,836.0,1044,7,0.0,0.0,0.0
880,837.0,1044,14,1.0,0.0,0.0
881,838.0,1044,21,3.0,0.01,0.0
882,839.0,1044,28,7.0,0.03,0.01
883,840.0,1044,35,15.0,0.06,0.02
884,841.0,1044,42,28.0,0.12,0.04
885,842.0,1044,49,44.0,0.19,0.06
886,843.0,1044,56,57.0,0.24,0.08
887,844.0,1044,63,64.0,0.28,0.09
888,845.0,1044,70,68.0,0.29,0.1
889,846.0,1044,77,69.0,0.3,0.1
890,847.0,1044,84,70.0,0.3,0.1
891,848.0,1044,2000,70.0,0.3,0.1
892,849.0,1045,0,0.0,0.0,0.0
893,850.0,1045,7,0.0,0.0,0.0
894,851.0,1045,14,1.0,0.0,0.0
895,852.0,1045,21,4.0,0.01,0.0
896,853.0,1045,28,11.0,0.02,0.01
897,854.0,1045,35,34.0,0.07,0.03
898,855.0,1045,42,62.0,0.14,0.05
899,856.0,1045,49,90.0,0.2,0.07
900,857.0,1045,2000,90.0,0.2,0.07
901,858.0,1046,0,0.0,0.0,0.0
902,859.0,1046,7,0.0,0.01,0.0
903,860.0,1046,14,1.0,0.03,0.01
904,861.0,1046,21,3.0,0.08,0.03
905,862.0,1046,28,6.0,0.19,0.06
906,863.0,1046,35,14.0,0.42,0.14
907,864.0,1046,42,26.0,0.8,0.27
908,865.0,1046,49,41.0,1.26,0.42
909,866.0,1046,56,53.0,1.63,0.54
910,867.0,1046,63,60.0,1.83,0.61
911,868.0,1046,70,63.0,1.93,0.65
912,869.0,1046,77,64.0,1.97,0.66
913,870.0,1046,84,65.0,1.99,0.67
914,871.0,1046,2000,65.0,1.99,0.67
915,872.0,1047,0,0.0,0.0,0.0
916,873.0,1047,7,0.0,0.0,0.0
917,874.0,1047,14,1.0,0.01,0.0
918,875.0,1047,21,3.0,0.03,0.01
919,876.0,1047,28,7.0,0.09,0.03
920,877.0,1047,35,15.0,0.2,0.07
921,878.0,1047,42,29.0,0.31,0.1
922,879.0,1047,49,43.0,0.37,0.12
923,880.0,1047,56,52.0,0.39,0.13
924,881.0,1047,63,57.0,0.4,0.13
925,882.0,1047,70,59.0,0.4,0.13
926,883.0,1047,77,60.0,0.4,0.13
927,884.0,1047,84,60.0,0.4,0.13
928,885.0,1047,2000,60.0,0.4,0.13
929,886.0,1048,0,0.0,0.0,0.0
930,887.0,1048,7,0.0,0.0,0.0
931,888.0,1048,14,1.0,0.01,0.0
932,889.0,1048,21,3.0,0.03,0.01
933,890.0,1048,28,7.0,0.09,0.03
934,891.0,1048,35,15.0,0.2,0.07
935,892.0,1048,42,29.0,0.31,0.1
936,893.0,1048,49,43.0,0.37,0.12
937,894.0,1048,56,52.0,0.39,0.13
938,895.0,1048,63,57.0,0.4,0.13
939,896.0,1048,70,59.0,0.4,0.13
940,897.0,1048,77,60.0,0.4,0.13
941,898.0,1048,84,60.0,0.4,0.13
942,899.0,1048,2000,60.0,0.4,0.13
943,900.0,1049,0,0.0,0.0,0.0
944,901.0,1049,7,1.0,0.01,0.0
945,902.0,1049,14,7.0,0.03,0.01
946,903.0,1049,21,28.0,0.11,0.04
947,904.0,1049,28,67.0,0.27,0.09
948,905.0,1049,35,92.0,0.37,0.12
949,906.0,1049,42,98.0,0.39,0.13
950,907.0,1049,49,100.0,0.4,0.13
951,908.0,1049,2000,100.0,0.4,0.13
952,909.0,1050,0,0.0,0.0,0.0
953,910.0,1050,7,0.0,0.01,0.0
954,911.0,1050,14,1.0,0.01,0.0
955,912.0,1050,21,1.0,0.01,0.0
956,913.0,1050,28,2.0,0.02,0.01
957,914.0,1050,35,3.0,0.04,0.01
958,915.0,1050,42,5.0,0.06,0.02
959,916.0,1050,49,8.0,0.09,0.03
960,917.0,1050,56,13.0,0.14,0.05
961,918.0,1050,63,19.0,0.21,0.07
962,919.0,1050,70,29.0,0.31,0.1
963,920.0,1050,77,40.0,0.44,0.15
964,921.0,1050,84,53.0,0.6,0.2
965,922.0,1050,91,65.0,0.77,0.26
966,923.0,1050,98,76.0,0.95,0.32
967,924.0,1050,105,84.0,1.1,0.37
968,925.0,1050,112,90.0,1.22,0.41
969,926.0,1050,119,93.0,1.31,0.44
970,927.0,1050,126,96.0,1.38,0.46
971,928.0,1050,133,98.0,1.42,0.47
972,929.0,1050,140,98.0,1.45,0.48
973,930.0,1050,147,100.0,1.47,0.49
974,931.0,1050,154,100.0,1.48,0.49
975,932.0,1050,161,100.0,1.49,0.5
976,933.0,1050,168,100.0,1.49,0.5
977,934.0,1050,175,100.0,1.49,0.5
978,935.0,1050,182,100.0,1.5,0.5
979,936.0,1050,189,100.0,1.5,0.5
980,937.0,1050,196,100.0,1.5,0.5
981,938.0,1050,203,100.0,1.5,0.5
982,939.0,1050,210,100.0,1.5,0.5
983,940.0,1050,217,100.0,1.5,0.5
984,941.0,1050,224,100.0,1.5,0.5
985,942.0,1050,2000,100.0,1.5,0.5
986,943.0,2050,0,0.0,0.0,0.0
987,944.0,2050,7,1.0,0.01,0.0
988,945.0,2050,14,4.0,0.03,0.01
989,946.0,2050,21,14.0,0.1,0.03
990,947.0,2050,28,40.0,0.27,0.09
991,948.0,2050,35,73.0,0.6,0.2
992,949.0,2050,42,92.0,1.01,0.34
993,950.0,2050,49,98.0,1.29,0.43
994,951.0,2050,56,100.0,1.43,0.48
995,952.0,2050,63,100.0,1.48,0.49
996,953.0,2050,70,100.0,1.49,0.5
997,954.0,2050,2000,100.0,1.49,0.5
998,955.0,1051,0,0.0,0.0,0.0
999,956.0,1051,7,4.0,0.0,0.0
1000,957.0,1051,14,40.0,0.02,0.01
1001,958.0,1051,21,92.0,0.07,0.02
1002,959.0,1051,28,100.0,0.2,0.07
1003,960.0,1051,35,100.0,0.37,0.12
1004,961.0,1051,42,100.0,0.46,0.16
1005,962.0,1051,49,100.0,0.49,0.17
1006,963.0,1051,56,100.0,0.5,0.17
1007,964.0,1051,2000,100.0,0.5,0.17
1008,965.0,1052,0,0.0,0.0,0.0
1009,966.0,1052,7,1.0,0.01,0.0
1010,967.0,1052,14,4.0,0.01,0.0
1011,968.0,1052,21,7.0,0.03,0.01
1012,969.0,1052,28,16.0,0.06,0.02
1013,970.0,1052,35,32.0,0.14,0.05
1014,971.0,1052,42,49.0,0.25,0.08
1015,972.0,1052,49,67.0,0.36,0.12
1016,973.0,1052,56,78.0,0.41,0.14
1017,974.0,1052,63,86.0,0.44,0.15
1018,975.0,1052,70,89.0,0.46,0.15
1019,976.0,1052,77,90.0,0.46,0.15
1020,977.0,1052,84,91.0,0.46,0.15
1021,978.0,1052,2000,91.0,0.46,0.15
1022,979.0,1053,0,0.0,0.01,0.0
1023,980.0,1053,7,0.0,0.01,0.0
1024,981.0,1053,14,0.0,0.01,0.0
1025,982.0,1053,21,0.0,0.01,0.0
1026,983.0,1053,28,0.0,0.01,0.0
1027,984.0,1053,35,0.0,0.01,0.0
1028,985.0,1053,42,0.0,0.01,0.0
1029,986.0,1053,49,0.0,0.01,0.0
1030,987.0,1053,56,0.0,0.01,0.0
1031,988.0,1053,63,1.0,0.01,0.0
1032,989.0,1053,70,1.0,0.02,0.01
1033,990.0,1053,77,1.0,0.02,0.01
1034,991.0,1053,84,1.0,0.02,0.01
1035,992.0,1053,91,1.0,0.02,0.01
1036,993.0,1053,98,1.0,0.02,0.01
1037,994.0,1053,105,1.0,0.02,0.01
1038,995.0,1053,112,1.0,0.02,0.01
1039,996.0,1053,119,1.0,0.02,0.01
1040,997.0,1053,126,1.0,0.02,0.01
1041,998.0,1053,133,1.0,0.03,0.01
1042,999.0,1053,140,1.0,0.03,0.01
1043,1000.0,1053,147,2.0,0.03,0.01
1044,1001.0,1053,154,2.0,0.03,0.01
1045,1002.0,1053,161,2.0,0.03,0.01
1046,1003.0,1053,168,2.0,0.03,0.01
1047,1004.0,1053,175,2.0,0.04,0.01
1048,1005.0,1053,182,3.0,0.04,0.01
1049,1006.0,1053,189,3.0,0.04,0.01
1050,1007.0,1053,196,3.0,0.04,0.01
1051,1008.0,1053,203,3.0,0.05,0.02
1052,1009.0,1053,210,4.0,0.05,0.02
1053,1010.0,1053,217,4.0,0.05,0.02
1054,1011.0,1053,224,4.0,0.05,0.02
1055,1012.0,1053,231,5.0,0.06,0.02
1056,1013.0,1053,238,5.0,0.06,0.02
1057,1014.0,1053,245,6.0,0.06,0.02
1058,1015.0,1053,252,6.0,0.07,0.02
1059,1016.0,1053,259,7.0,0.07,0.02
1060,1017.0,1053,266,8.0,0.08,0.03
1061,1018.0,1053,273,8.0,0.08,0.03
1062,1019.0,1053,280,9.0,0.08,0.03
1063,1020.0,1053,287,10.0,0.09,0.03
1064,1021.0,1053,294,11.0,0.09,0.03
1065,1022.0,1053,301,11.0,0.1,0.03
1066,1023.0,1053,308,12.0,0.11,0.04
1067,1024.0,1053,315,13.0,0.11,0.04
1068,1025.0,1053,322,15.0,0.12,0.04
1069,1026.0,1053,329,16.0,0.12,0.04
1070,1027.0,1053,336,17.0,0.13,0.04
1071,1028.0,1053,343,18.0,0.14,0.05
1072,1029.0,1053,350,20.0,0.15,0.05
1073,1030.0,1053,357,21.0,0.16,0.05
1074,1031.0,1053,364,23.0,0.16,0.06
1075,1032.0,1053,371,25.0,0.17,0.06
1076,1033.0,1053,378,26.0,0.18,0.06
1077,1034.0,1053,385,28.0,0.19,0.06
1078,1035.0,1053,392,30.0,0.2,0.07
1079,1036.0,1053,399,32.0,0.22,0.07
1080,1037.0,1053,406,34.0,0.23,0.08
1081,1038.0,1053,413,36.0,0.24,0.08
1082,1039.0,1053,420,38.0,0.25,0.08
1083,1040.0,1053,427,40.0,0.27,0.09
1084,1041.0,1053,434,42.0,0.28,0.09
1085,1042.0,1053,441,45.0,0.3,0.1
1086,1043.0,1053,448,47.0,0.31,0.1
1087,1044.0,1053,455,49.0,0.33,0.11
1088,1045.0,1053,462,51.0,0.35,0.12
1089,1046.0,1053,469,53.0,0.37,0.12
1090,1047.0,1053,476,56.0,0.39,0.13
1091,1048.0,1053,483,58.0,0.41,0.14
1092,1049.0,1053,490,60.0,0.43,0.14
1093,1050.0,1053,497,62.0,0.45,0.15
1094,1051.0,1053,504,64.0,0.47,0.16
1095,1052.0,1053,511,66.0,0.5,0.17
1096,1053.0,1053,518,68.0,0.52,0.17
1097,1054.0,1053,525,69.0,0.55,0.18
1098,1055.0,1053,532,71.0,0.57,0.19
1099,1056.0,1053,539,73.0,0.6,0.2
1100,1057.0,1053,546,74.0,0.63,0.21
1101,1058.0,1053,553,76.0,0.66,0.22
1102,1059.0,1053,560,77.0,0.69,0.23
1103,1060.0,1053,567,79.0,0.73,0.24
1104,1061.0,1053,574,80.0,0.76,0.25
1105,1062.0,1053,581,81.0,0.79,0.27
1106,1063.0,1053,588,82.0,0.83,0.28
1107,1064.0,1053,595,83.0,0.87,0.29
1108,1065.0,1053,602,84.0,0.91,0.3
1109,1066.0,1053,609,85.0,0.95,0.32
1110,1067.0,1053,616,86.0,0.99,0.33
1111,1068.0,1053,623,86.0,1.03,0.34
1112,1069.0,1053,630,87.0,1.07,0.36
1113,1070.0,1053,637,88.0,1.11,0.37
1114,1071.0,1053,644,88.0,1.16,0.39
1115,1072.0,1053,651,89.0,1.2,0.4
1116,1073.0,1053,658,89.0,1.25,0.42
1117,1074.0,1053,665,90.0,1.29,0.43
1118,1075.0,1053,672,90.0,1.34,0.45
1119,1076.0,1053,679,91.0,1.39,0.46
1120,1077.0,1053,686,91.0,1.44,0.48
1121,1078.0,1053,693,91.0,1.49,0.5
1122,1079.0,1053,700,92.0,1.54,0.51
1123,1080.0,1053,707,92.0,1.59,0.53
1124,1081.0,1053,714,92.0,1.64,0.55
1125,1082.0,1053,721,93.0,1.69,0.56
1126,1083.0,1053,728,93.0,1.74,0.58
1127,1084.0,1053,735,93.0,1.79,0.6
1128,1085.0,1053,742,93.0,1.84,0.61
1129,1086.0,1053,749,93.0,1.89,0.63
1130,1087.0,1053,756,93.0,1.94,0.65
1131,1088.0,1053,763,94.0,1.99,0.66
1132,1089.0,1053,770,94.0,2.04,0.68
1133,1090.0,1053,777,94.0,2.08,0.7
1134,1091.0,1053,784,94.0,2.13,0.71
1135,1092.0,1053,791,94.0,2.18,0.73
1136,1093.0,1053,798,94.0,2.23,0.74
1137,1094.0,1053,805,94.0,2.27,0.76
1138,1095.0,1053,812,94.0,2.32,0.77
1139,1096.0,1053,819,94.0,2.36,0.79
1140,1097.0,1053,826,94.0,2.41,0.8
1141,1098.0,1053,833,94.0,2.45,0.82
1142,1099.0,1053,840,94.0,2.49,0.83
1143,1100.0,1053,847,95.0,2.53,0.85
1144,1101.0,1053,854,95.0,2.57,0.86
1145,1102.0,1053,861,95.0,2.61,0.87
1146,1103.0,1053,868,95.0,2.65,0.89
1147,1104.0,1053,875,95.0,2.68,0.9
1148,1105.0,1053,882,95.0,2.72,0.91
1149,1106.0,1053,889,95.0,2.75,0.92
1150,1107.0,1053,896,95.0,2.79,0.93
1151,1108.0,1053,903,95.0,2.82,0.94
1152,1109.0,1053,910,95.0,2.85,0.95
1153,1110.0,1053,917,95.0,2.88,0.96
1154,1111.0,1053,924,95.0,2.91,0.97
1155,1112.0,1053,931,95.0,2.94,0.98
1156,1113.0,1053,938,95.0,2.96,0.99
1157,1114.0,1053,945,95.0,2.99,1.0
1158,1115.0,1053,952,95.0,3.01,1.01
1159,1116.0,1053,959,95.0,3.04,1.02
1160,1117.0,1053,966,95.0,3.06,1.02
1161,1118.0,1053,973,95.0,3.08,1.03
1162,1119.0,1053,980,95.0,3.1,1.04
1163,1120.0,1053,987,95.0,3.12,1.04
1164,1121.0,1053,994,95.0,3.14,1.05
1165,1122.0,1053,1001,95.0,3.16,1.06
1166,1123.0,1053,1008,95.0,3.18,1.06
1167,1124.0,1053,1015,95.0,3.19,1.07
1168,1125.0,1053,1022,95.0,3.21,1.07
1169,1126.0,1053,1029,95.0,3.22,1.08
1170,1127.0,1053,1036,95.0,3.24,1.08
1171,1128.0,1053,1043,95.0,3.25,1.09
1172,1129.0,1053,1050,95.0,3.26,1.09
1173,1130.0,1053,1057,95.0,3.28,1.1
1174,1131.0,1053,1064,95.0,3.29,1.1
1175,1132.0,1053,1071,95.0,3.3,1.1
1176,1133.0,1053,1078,95.0,3.31,1.11
1177,1134.0,1053,1085,95.0,3.32,1.11
1178,1135.0,1053,1092,95.0,3.33,1.11
1179,1136.0,1053,1099,95.0,3.34,1.12
1180,1137.0,1053,1106,95.0,3.35,1.12
1181,1138.0,1053,1113,95.0,3.36,1.12
1182,1139.0,1053,1120,95.0,3.36,1.12
1183,1140.0,1053,1127,95.0,3.37,1.13
1184,1141.0,1053,1134,95.0,3.38,1.13
1185,1142.0,1053,1141,95.0,3.38,1.13
1186,1143.0,1053,1148,95.0,3.39,1.13
1187,1144.0,1053,1155,95.0,3.4,1.14
1188,1145.0,1053,1162,95.0,3.4,1.14
1189,1146.0,1053,1169,95.0,3.41,1.14
1190,1147.0,1053,1176,95.0,3.41,1.14
1191,1148.0,1053,1183,95.0,3.42,1.14
1192,1149.0,1053,1190,95.0,3.42,1.14
1193,1150.0,1053,1197,95.0,3.43,1.15
1194,1151.0,1053,1204,95.0,3.43,1.15
1195,1152.0,1053,1211,95.0,3.43,1.15
1196,1153.0,1053,1218,95.0,3.44,1.15
1197,1154.0,1053,1225,95.0,3.44,1.15
1198,1155.0,1053,1232,95.0,3.44,1.15
1199,1156.0,1053,1239,95.0,3.45,1.15
1200,1157.0,1053,1246,95.0,3.45,1.15
1201,1158.0,1053,1253,95.0,3.45,1.15
1202,1159.0,1053,1260,95.0,3.46,1.16
1203,1160.0,1053,1267,95.0,3.46,1.16
1204,1161.0,1053,1274,95.0,3.46,1.16
1205,1162.0,1053,1281,95.0,3.46,1.16
1206,1163.0,1053,1288,95.0,3.46,1.16
1207,1164.0,1053,1295,95.0,3.47,1.16
1208,1165.0,1053,1302,95.0,3.47,1.16
1209,1166.0,1053,1309,95.0,3.47,1.16
1210,1167.0,1053,1316,95.0,3.47,1.16
1211,1168.0,1053,1323,95.0,3.47,1.16
1212,1169.0,1053,1330,95.0,3.47,1.16
1213,1170.0,1053,1337,95.0,3.48,1.16
1214,1171.0,1053,1344,95.0,3.48,1.16
1215,1172.0,1053,1351,95.0,3.48,1.16
1216,1173.0,1053,1358,95.0,3.48,1.16
1217,1174.0,1053,1365,95.0,3.48,1.16
1218,1175.0,1053,1372,95.0,3.48,1.16
1219,1176.0,1053,1379,95.0,3.48,1.16
1220,1177.0,1053,1386,95.0,3.48,1.16
1221,1178.0,1053,1393,95.0,3.49,1.16
1222,1179.0,1053,1400,95.0,3.49,1.17
1223,1180.0,1053,1407,95.0,3.49,1.17
1224,1181.0,1053,1414,95.0,3.49,1.17
1225,1182.0,1053,1421,95.0,3.49,1.17
1226,1183.0,1053,1428,95.0,3.49,1.17
1227,1184.0,1053,1435,95.0,3.49,1.17
1228,1185.0,1053,1442,95.0,3.49,1.17
1229,1186.0,1053,1449,95.0,3.49,1.17
1230,1187.0,1053,1456,95.0,3.49,1.17
1231,1188.0,1053,2000,95.0,3.49,1.17
1232,1189.0,1054,0,0.0,0.0,0.0
1233,1190.0,1054,7,1.0,0.01,0.0
1234,1191.0,1054,14,8.0,0.01,0.0
1235,1192.0,1054,21,32.0,0.01,0.0
1236,1193.0,1054,28,65.0,0.01,0.0
1237,1194.0,1054,35,77.0,0.01,0.0
1238,1195.0,1054,42,80.0,0.01,0.0
1239,1196.0,1054,49,80.0,0.01,0.0
1240,1197.0,1054,56,80.0,0.01,0.0
1241,1198.0,1054,63,80.0,0.01,0.0
1242,1199.0,1054,70,80.0,0.01,0.0
1243,1200.0,1054,77,80.0,0.01,0.0
1244,1201.0,1054,84,80.0,0.01,0.0
1245,1202.0,1054,91,80.0,0.02,0.01
1246,1203.0,1054,98,80.0,0.02,0.01
1247,1204.0,1054,105,80.0,0.02,0.01
1248,1205.0,1054,112,80.0,0.02,0.01
1249,1206.0,1054,119,80.0,0.02,0.01
1250,1207.0,1054,126,80.0,0.02,0.01
1251,1208.0,1054,133,80.0,0.03,0.01
1252,1209.0,1054,140,80.0,0.03,0.01
1253,1210.0,1054,147,80.0,0.03,0.01
1254,1211.0,1054,154,80.0,0.04,0.01
1255,1212.0,1054,161,80.0,0.04,0.01
1256,1213.0,1054,168,80.0,0.04,0.01
1257,1214.0,1054,175,80.0,0.05,0.02
1258,1215.0,1054,182,80.0,0.05,0.02
1259,1216.0,1054,189,80.0,0.06,0.02
1260,1217.0,1054,196,80.0,0.06,0.02
1261,1218.0,1054,203,80.0,0.07,0.02
1262,1219.0,1054,210,80.0,0.07,0.02
1263,1220.0,1054,217,80.0,0.08,0.03
1264,1221.0,1054,224,80.0,0.09,0.03
1265,1222.0,1054,231,80.0,0.1,0.03
1266,1223.0,1054,238,80.0,0.11,0.04
1267,1224.0,1054,245,80.0,0.12,0.04
1268,1225.0,1054,252,80.0,0.13,0.04
1269,1226.0,1054,259,80.0,0.14,0.05
1270,1227.0,1054,266,80.0,0.15,0.05
1271,1228.0,1054,273,80.0,0.16,0.05
1272,1229.0,1054,280,80.0,0.18,0.06
1273,1230.0,1054,287,80.0,0.19,0.06
1274,1231.0,1054,294,80.0,0.21,0.07
1275,1232.0,1054,301,80.0,0.23,0.08
1276,1233.0,1054,308,80.0,0.25,0.08
1277,1234.0,1054,315,80.0,0.27,0.09
1278,1235.0,1054,322,80.0,0.29,0.1
1279,1236.0,1054,329,80.0,0.32,0.1
1280,1237.0,1054,336,80.0,0.34,0.11
1281,1238.0,1054,343,80.0,0.37,0.12
1282,1239.0,1054,350,80.0,0.4,0.13
1283,1240.0,1054,357,80.0,0.43,0.14
1284,1241.0,1054,364,80.0,0.46,0.15
1285,1242.0,1054,371,80.0,0.49,0.16
1286,1243.0,1054,378,80.0,0.53,0.17
1287,1244.0,1054,385,80.0,0.56,0.19
1288,1245.0,1054,392,80.0,0.6,0.2
1289,1246.0,1054,399,80.0,0.64,0.21
1290,1247.0,1054,406,80.0,0.68,0.23
1291,1248.0,1054,413,80.0,0.72,0.24
1292,1249.0,1054,420,80.0,0.76,0.25
1293,1250.0,1054,427,80.0,0.81,0.27
1294,1251.0,1054,434,80.0,0.85,0.28
1295,1252.0,1054,441,80.0,0.89,0.3
1296,1253.0,1054,448,80.0,0.94,0.31
1297,1254.0,1054,455,80.0,0.98,0.33
1298,1255.0,1054,462,80.0,1.03,0.34
1299,1256.0,1054,469,80.0,1.07,0.35
1300,1257.0,1054,476,80.0,1.11,0.37
1301,1258.0,1054,483,80.0,1.16,0.38
1302,1259.0,1054,490,80.0,1.2,0.4
1303,1260.0,1054,497,80.0,1.24,0.41
1304,1261.0,1054,504,80.0,1.28,0.42
1305,1262.0,1054,511,80.0,1.32,0.44
1306,1263.0,1054,518,80.0,1.35,0.45
1307,1264.0,1054,525,80.0,1.39,0.46
1308,1265.0,1054,532,80.0,1.42,0.47
1309,1266.0,1054,539,80.0,1.46,0.48
1310,1267.0,1054,546,80.0,1.49,0.49
1311,1268.0,1054,553,80.0,1.52,0.5
1312,1269.0,1054,560,80.0,1.54,0.51
1313,1270.0,1054,567,80.0,1.57,0.52
1314,1271.0,1054,574,80.0,1.59,0.53
1315,1272.0,1054,581,80.0,1.62,0.54
1316,1273.0,1054,588,80.0,1.64,0.54
1317,1274.0,1054,595,80.0,1.66,0.55
1318,1275.0,1054,602,80.0,1.68,0.56
1319,1276.0,1054,609,80.0,1.7,0.56
1320,1277.0,1054,616,80.0,1.71,0.57
1321,1278.0,1054,623,80.0,1.73,0.57
1322,1279.0,1054,630,80.0,1.74,0.58
1323,1280.0,1054,637,80.0,1.75,0.58
1324,1281.0,1054,644,80.0,1.77,0.59
1325,1282.0,1054,651,80.0,1.78,0.59
1326,1283.0,1054,658,80.0,1.79,0.59
1327,1284.0,1054,665,80.0,1.8,0.6
1328,1285.0,1054,672,80.0,1.81,0.6
1329,1286.0,1054,679,80.0,1.81,0.6
1330,1287.0,1054,686,80.0,1.82,0.6
1331,1288.0,1054,693,80.0,1.83,0.61
1332,1289.0,1054,700,80.0,1.83,0.61
1333,1290.0,1054,707,80.0,1.84,0.61
1334,1291.0,1054,714,80.0,1.85,0.61
1335,1292.0,1054,721,80.0,1.85,0.61
1336,1293.0,1054,728,80.0,1.85,0.61
1337,1294.0,1054,735,80.0,1.86,0.62
1338,1295.0,1054,742,80.0,1.86,0.62
1339,1296.0,1054,749,80.0,1.87,0.62
1340,1297.0,1054,756,80.0,1.87,0.62
1341,1298.0,1054,763,80.0,1.87,0.62
1342,1299.0,1054,770,80.0,1.87,0.62
1343,1300.0,1054,777,80.0,1.88,0.62
1344,1301.0,1054,784,80.0,1.88,0.62
1345,1302.0,1054,791,80.0,1.88,0.62
1346,1303.0,1054,798,80.0,1.88,0.62
1347,1304.0,1054,805,80.0,1.88,0.62
1348,1305.0,1054,812,80.0,1.88,0.62
1349,1306.0,1054,819,80.0,1.89,0.63
1350,1307.0,1054,826,80.0,1.89,0.63
1351,1308.0,1054,833,80.0,1.89,0.63
1352,1309.0,1054,840,80.0,1.89,0.63
1353,1310.0,1054,847,80.0,1.89,0.63
1354,1311.0,1054,854,80.0,1.89,0.63
1355,1312.0,1054,861,80.0,1.89,0.63
1356,1313.0,1054,868,80.0,1.89,0.63
1357,1314.0,1054,875,80.0,1.89,0.63
1358,1315.0,1054,882,80.0,1.89,0.63
1359,1316.0,1054,889,80.0,1.89,0.63
1360,1317.0,1054,896,80.0,1.9,0.63
1361,1318.0,1054,2000,80.0,1.9,0.63
1362,1319.0,1055,0,0.0,,0.0
1363,1320.0,1055,7,0.0,,0.0
1364,1321.0,1055,14,0.0,,0.0
1365,1322.0,1055,21,0.0,,0.0
1366,1323.0,1055,28,1.0,,0.0
1367,1324.0,1055,35,1.0,,0.0
1368,1325.0,1055,42,1.0,,0.0
1369,1326.0,1055,49,1.0,,0.01
1370,1327.0,1055,56,2.0,,0.01
1371,1328.0,1055,63,2.0,,0.01
1372,1329.0,1055,70,2.0,,0.01
1373,1330.0,1055,77,3.0,,0.01
1374,1331.0,1055,84,4.0,,0.02
1375,1332.0,1055,91,5.0,,0.02
1376,1333.0,1055,98,6.0,,0.03
1377,1334.0,1055,105,7.0,,0.03
1378,1335.0,1055,112,9.0,,0.04
1379,1336.0,1055,119,11.0,,0.05
1380,1337.0,1055,126,13.0,,0.06
1381,1338.0,1055,133,16.0,,0.07
1382,1339.0,1055,140,20.0,,0.09
1383,1340.0,1055,147,24.0,,0.1
1384,1341.0,1055,154,28.0,,0.12
1385,1342.0,1055,161,33.0,,0.14
1386,1343.0,1055,168,38.0,,0.16
1387,1344.0,1055,175,44.0,,0.19
1388,1345.0,1055,182,50.0,,0.21
1389,1346.0,1055,189,55.0,,0.24
1390,1347.0,1055,196,61.0,,0.26
1391,1348.0,1055,203,66.0,,0.28
1392,1349.0,1055,210,71.0,,0.31
1393,1350.0,1055,217,76.0,,0.33
1394,1351.0,1055,224,80.0,,0.34
1395,1352.0,1055,231,83.0,,0.36
1396,1353.0,1055,238,86.0,,0.37
1397,1354.0,1055,245,89.0,,0.38
1398,1355.0,1055,252,91.0,,0.39
1399,1356.0,1055,259,93.0,,0.4
1400,1357.0,1055,266,94.0,,0.4
1401,1358.0,1055,273,95.0,,0.41
1402,1359.0,1055,280,96.0,,0.41
1403,1360.0,1055,287,97.0,,0.42
1404,1361.0,1055,294,98.0,,0.42
1405,1362.0,1055,301,98.0,,0.42
1406,1363.0,1055,308,98.0,,0.42
1407,1364.0,1055,315,100.0,,0.42
1408,1365.0,1055,322,100.0,,0.43
1409,1366.0,1055,329,100.0,,0.43
1410,1367.0,1055,336,100.0,,0.43
1411,1368.0,1055,343,100.0,,0.43
1412,1369.0,1055,350,100.0,,0.43
1413,1370.0,1055,357,100.0,,0.43
1414,1371.0,1055,364,100.0,,0.43
1415,1372.0,1055,2000,100.0,,0.43
1416,1373.0,1056,0,0.0,0.0,0.0
1417,1374.0,1056,7,0.0,0.0,0.0
1418,1375.0,1056,14,1.0,0.01,0.0
1419,1376.0,1056,21,1.0,0.01,0.0
1420,1377.0,1056,28,1.0,0.01,0.0
1421,1378.0,1056,35,2.0,0.01,0.0
1422,1379.0,1056,42,3.0,0.01,0.0
1423,1380.0,1056,49,4.0,0.01,0.0
1424,1381.0,1056,56,7.0,0.01,0.0
1425,1382.0,1056,63,10.0,0.02,0.01
1426,1383.0,1056,70,14.0,0.02,0.01
1427,1384.0,1056,77,20.0,0.02,0.01
1428,1385.0,1056,84,28.0,0.03,0.01
1429,1386.0,1056,91,37.0,0.03,0.01
1430,1387.0,1056,98,47.0,0.04,0.01
1431,1388.0,1056,105,57.0,0.04,0.01
1432,1389.0,1056,112,67.0,0.05,0.02
1433,1390.0,1056,119,76.0,0.06,0.02
1434,1391.0,1056,126,83.0,0.07,0.02
1435,1392.0,1056,133,88.0,0.09,0.03
1436,1393.0,1056,140,92.0,0.1,0.03
1437,1394.0,1056,147,94.0,0.12,0.04
1438,1395.0,1056,154,96.0,0.14,0.05
1439,1396.0,1056,161,97.0,0.16,0.05
1440,1397.0,1056,168,98.0,0.18,0.06
1441,1398.0,1056,175,100.0,0.21,0.07
1442,1399.0,1056,182,100.0,0.25,0.08
1443,1400.0,1056,189,100.0,0.28,0.09
1444,1401.0,1056,196,100.0,0.32,0.11
1445,1402.0,1056,203,100.0,0.37,0.12
1446,1403.0,1056,210,100.0,0.42,0.14
1447,1404.0,1056,217,100.0,0.47,0.16
1448,1405.0,1056,224,100.0,0.52,0.17
1449,1406.0,1056,231,100.0,0.58,0.19
1450,1407.0,1056,238,100.0,0.64,0.21
1451,1408.0,1056,245,100.0,0.71,0.24
1452,1409.0,1056,252,100.0,0.77,0.26
1453,1410.0,1056,259,100.0,0.83,0.28
1454,1411.0,1056,266,100.0,0.89,0.3
1455,1412.0,1056,273,100.0,0.95,0.32
1456,1413.0,1056,280,100.0,1.01,0.34
1457,1414.0,1056,287,100.0,1.06,0.35
1458,1415.0,1056,294,100.0,1.11,0.37
1459,1416.0,1056,301,100.0,1.16,0.39
1460,1417.0,1056,308,100.0,1.2,0.4
1461,1418.0,1056,315,100.0,1.24,0.41
1462,1419.0,1056,322,100.0,1.27,0.42
1463,1420.0,1056,329,100.0,1.3,0.43
1464,1421.0,1056,336,100.0,1.33,0.44
1465,1422.0,1056,343,100.0,1.35,0.45
1466,1423.0,1056,350,100.0,1.38,0.46
1467,1424.0,1056,357,100.0,1.39,0.46
1468,1425.0,1056,364,100.0,1.41,0.47
1469,1426.0,1056,371,100.0,1.42,0.47
1470,1427.0,1056,378,100.0,1.43,0.48
1471,1428.0,1056,385,100.0,1.44,0.48
1472,1429.0,1056,392,100.0,1.45,0.48
1473,1430.0,1056,399,100.0,1.46,0.49
1474,1431.0,1056,406,100.0,1.47,0.49
1475,1432.0,1056,413,100.0,1.47,0.49
1476,1433.0,1056,420,100.0,1.48,0.49
1477,1434.0,1056,427,100.0,1.48,0.49
1478,1435.0,1056,434,100.0,1.48,0.49
1479,1436.0,1056,441,100.0,1.48,0.49
1480,1437.0,1056,448,100.0,1.49,0.5
1481,1438.0,1056,455,100.0,1.49,0.5
1482,1439.0,1056,462,100.0,1.49,0.5
1483,1440.0,1056,469,100.0,1.49,0.5
1484,1441.0,1056,476,100.0,1.49,0.5
1485,1442.0,1056,483,100.0,1.49,0.5
1486,1443.0,1056,490,100.0,1.5,0.5
1487,1444.0,1056,497,100.0,1.5,0.5
1488,1445.0,1056,2000,100.0,1.5,0.5
1489,1446.0,1058,0,0.0,0.0,0.0
1490,1447.0,1058,7,0.0,0.0,0.0
1491,1448.0,1058,14,1.0,0.01,0.0
1492,1449.0,1058,21,1.0,0.01,0.0
1493,1450.0,1058,28,2.0,0.02,0.01
1494,1451.0,1058,35,5.0,0.05,0.02
1495,1452.0,1058,42,9.0,0.09,0.03
1496,1453.0,1058,49,15.0,0.15,0.05
1497,1454.0,1058,56,24.0,0.24,0.08
1498,1455.0,1058,63,34.0,0.34,0.11
1499,1456.0,1058,70,44.0,0.44,0.15
1500,1457.0,1058,77,51.0,0.51,0.17
1501,1458.0,1058,84,55.0,0.55,0.18
1502,1459.0,1058,91,57.0,0.57,0.19
1503,1460.0,1058,98,59.0,0.59,0.2
1504,1461.0,1058,105,59.0,0.59,0.2
1505,1462.0,1058,112,60.0,0.6,0.2
1506,1463.0,1058,119,60.0,0.6,0.2
1507,1464.0,1058,2000,60.0,0.6,0.2
1508,1465.0,1059,0,0.0,,0.0
1509,1466.0,1059,7,0.0,,0.0
1510,1467.0,1059,14,0.0,,0.0
1511,1468.0,1059,21,0.0,,0.0
1512,1469.0,1059,28,0.0,,0.0
1513,1470.0,1059,35,0.0,,0.0
1514,1471.0,1059,42,0.0,,0.0
1515,1472.0,1059,49,0.0,,0.0
1516,1473.0,1059,56,0.0,,0.0
1517,1474.0,1059,63,0.0,,0.0
1518,1475.0,1059,70,0.0,,0.0
1519,1476.0,1059,77,0.0,,0.0
1520,1477.0,1059,84,0.0,,0.0
1521,1478.0,1059,91,0.0,,0.0
1522,1479.0,1059,98,0.0,,0.0
1523,1480.0,1059,105,0.0,,0.0
1524,1481.0,1059,112,0.0,,0.0
1525,1482.0,1059,119,0.0,,0.0
1526,1483.0,1059,126,0.0,,0.0
1527,1484.0,1059,133,0.0,,0.0
1528,1485.0,1059,140,0.0,,0.0
1529,1486.0,1059,147,0.0,,0.0
1530,1487.0,1059,154,0.0,,0.0
1531,1488.0,1059,161,0.0,,0.0
1532,1489.0,1059,168,0.0,,0.0
1533,1490.0,1059,175,0.0,,0.0
1534,1491.0,1059,182,0.0,,0.0
1535,1492.0,1059,189,0.0,,0.0
1536,1493.0,1059,196,0.0,,0.0
1537,1494.0,1059,203,0.0,,0.0
1538,1495.0,1059,210,0.0,,0.0
1539,1496.0,1059,217,0.0,,0.0
1540,1497.0,1059,224,0.0,,0.0
1541,1498.0,1059,231,0.0,,0.0
1542,1499.0,1059,238,0.0,,0.0
1543,1500.0,1059,245,0.0,,0.0
1544,1501.0,1059,252,0.0,,0.0
1545,1502.0,1059,259,0.0,,0.0
1546,1503.0,1059,266,0.0,,0.0
1547,1504.0,1059,273,0.0,,0.0
1548,1505.0,1059,2000,0.0,,0.0
1549,1506.0,1060,0,0.0,0.0,0.0
1550,1507.0,1060,7,0.0,0.0,0.0
1551,1508.0,1060,14,0.0,0.01,0.0
1552,1509.0,1060,21,0.0,0.01,0.0
1553,1510.0,1060,28,0.0,0.01,0.0
1554,1511.0,1060,35,0.0,0.01,0.0
1555,1512.0,1060,42,0.0,0.01,0.0
1556,1513.0,1060,49,0.0,0.01,0.0
1557,1514.0,1060,56,0.0,0.01,0.0
1558,1515.0,1060,63,0.0,0.01,0.0
1559,1516.0,1060,70,0.0,0.01,0.0
1560,1517.0,1060,77,0.0,0.01,0.0
1561,1518.0,1060,84,0.0,0.01,0.0
1562,1519.0,1060,91,0.0,0.01,0.0
1563,1520.0,1060,98,0.0,0.01,0.0
1564,1521.0,1060,105,0.0,0.02,0.01
1565,1522.0,1060,112,0.0,0.02,0.01
1566,1523.0,1060,119,1.0,0.02,0.01
1567,1524.0,1060,126,1.0,0.02,0.01
1568,1525.0,1060,133,1.0,0.02,0.01
1569,1526.0,1060,140,1.0,0.02,0.01
1570,1527.0,1060,147,1.0,0.03,0.01
1571,1528.0,1060,154,1.0,0.03,0.01
1572,1529.0,1060,161,1.0,0.03,0.01
1573,1530.0,1060,168,1.0,0.03,0.01
1574,1531.0,1060,175,1.0,0.04,0.01
1575,1532.0,1060,182,1.0,0.04,0.01
1576,1533.0,1060,189,1.0,0.04,0.01
1577,1534.0,1060,196,1.0,0.05,0.02
1578,1535.0,1060,203,1.0,0.05,0.02
1579,1536.0,1060,210,1.0,0.05,0.02
1580,1537.0,1060,217,1.0,0.06,0.02
1581,1538.0,1060,224,1.0,0.06,0.02
1582,1539.0,1060,231,1.0,0.07,0.02
1583,1540.0,1060,238,1.0,0.07,0.02
1584,1541.0,1060,245,1.0,0.08,0.03
1585,1542.0,1060,252,1.0,0.09,0.03
1586,1543.0,1060,259,1.0,0.09,0.03
1587,1544.0,1060,266,1.0,0.1,0.03
1588,1545.0,1060,273,1.0,0.11,0.04
1589,1546.0,1060,280,1.0,0.12,0.04
1590,1547.0,1060,287,2.0,0.13,0.04
1591,1548.0,1060,294,2.0,0.14,0.05
1592,1549.0,1060,301,2.0,0.15,0.05
1593,1550.0,1060,308,2.0,0.16,0.05
1594,1551.0,1060,315,2.0,0.18,0.06
1595,1552.0,1060,322,2.0,0.19,0.06
1596,1553.0,1060,329,2.0,0.2,0.07
1597,1554.0,1060,336,2.0,0.22,0.07
1598,1555.0,1060,343,2.0,0.24,0.08
1599,1556.0,1060,350,2.0,0.26,0.09
1600,1557.0,1060,357,2.0,0.27,0.09
1601,1558.0,1060,364,3.0,0.29,0.1
1602,1559.0,1060,371,3.0,0.32,0.11
1603,1560.0,1060,378,3.0,0.34,0.11
1604,1561.0,1060,385,3.0,0.36,0.12
1605,1562.0,1060,392,3.0,0.39,0.13
1606,1563.0,1060,399,3.0,0.41,0.14
1607,1564.0,1060,406,3.0,0.44,0.15
1608,1565.0,1060,413,4.0,0.47,0.16
1609,1566.0,1060,420,4.0,0.5,0.17
1610,1567.0,1060,427,4.0,0.53,0.18
1611,1568.0,1060,434,4.0,0.56,0.19
1612,1569.0,1060,441,4.0,0.59,0.2
1613,1570.0,1060,448,4.0,0.63,0.21
1614,1571.0,1060,455,5.0,0.66,0.22
1615,1572.0,1060,462,5.0,0.7,0.23
1616,1573.0,1060,469,5.0,0.73,0.24
1617,1574.0,1060,476,5.0,0.77,0.26
1618,1575.0,1060,483,6.0,0.81,0.27
1619,1576.0,1060,490,6.0,0.85,0.28
1620,1577.0,1060,497,6.0,0.88,0.29
1621,1578.0,1060,504,6.0,0.92,0.31
1622,1579.0,1060,511,7.0,0.96,0.32
1623,1580.0,1060,518,7.0,1.0,0.33
1624,1581.0,1060,525,7.0,1.03,0.34
1625,1582.0,1060,532,8.0,1.07,0.36
1626,1583.0,1060,539,8.0,1.11,0.37
1627,1584.0,1060,546,8.0,1.14,0.38
1628,1585.0,1060,553,9.0,1.18,0.39
1629,1586.0,1060,560,9.0,1.21,0.4
1630,1587.0,1060,567,9.0,1.24,0.41
1631,1588.0,1060,574,10.0,1.28,0.43
1632,1589.0,1060,581,10.0,1.31,0.44
1633,1590.0,1060,588,11.0,1.34,0.45
1634,1591.0,1060,595,11.0,1.36,0.45
1635,1592.0,1060,602,11.0,1.39,0.46
1636,1593.0,1060,609,12.0,1.42,0.47
1637,1594.0,1060,616,12.0,1.44,0.48
1638,1595.0,1060,623,13.0,1.47,0.49
1639,1596.0,1060,630,13.0,1.49,0.5
1640,1597.0,1060,637,14.0,1.51,0.5
1641,1598.0,1060,644,15.0,1.53,0.51
1642,1599.0,1060,651,15.0,1.55,0.52
1643,1600.0,1060,658,16.0,1.56,0.52
1644,1601.0,1060,665,16.0,1.58,0.53
1645,1602.0,1060,672,17.0,1.6,0.53
1646,1603.0,1060,679,18.0,1.61,0.54
1647,1604.0,1060,686,18.0,1.63,0.54
1648,1605.0,1060,693,19.0,1.64,0.55
1649,1606.0,1060,700,20.0,1.65,0.55
1650,1607.0,1060,707,21.0,1.66,0.55
1651,1608.0,1060,714,21.0,1.67,0.56
1652,1609.0,1060,721,22.0,1.68,0.56
1653,1610.0,1060,728,23.0,1.69,0.56
1654,1611.0,1060,735,24.0,1.7,0.57
1655,1612.0,1060,742,25.0,1.71,0.57
1656,1613.0,1060,749,25.0,1.71,0.57
1657,1614.0,1060,756,26.0,1.72,0.57
1658,1615.0,1060,763,27.0,1.73,0.58
1659,1616.0,1060,770,28.0,1.73,0.58
1660,1617.0,1060,777,29.0,1.74,0.58
1661,1618.0,1060,784,30.0,1.74,0.58
1662,1619.0,1060,791,31.0,1.75,0.58
1663,1620.0,1060,798,32.0,1.75,0.58
1664,1621.0,1060,805,33.0,1.75,0.58
1665,1622.0,1060,812,34.0,1.76,0.59
1666,1623.0,1060,819,35.0,1.76,0.59
1667,1624.0,1060,826,36.0,1.76,0.59
1668,1625.0,1060,833,37.0,1.77,0.59
1669,1626.0,1060,840,38.0,1.77,0.59
1670,1627.0,1060,847,39.0,1.77,0.59
1671,1628.0,1060,854,40.0,1.77,0.59
1672,1629.0,1060,861,41.0,1.78,0.59
1673,1630.0,1060,868,42.0,1.78,0.59
1674,1631.0,1060,875,44.0,1.78,0.59
1675,1632.0,1060,882,45.0,1.78,0.59
1676,1633.0,1060,889,46.0,1.78,0.59
1677,1634.0,1060,896,47.0,1.78,0.59
1678,1635.0,1060,903,48.0,1.79,0.6
1679,1636.0,1060,910,49.0,1.79,0.6
1680,1637.0,1060,917,50.0,1.79,0.6
1681,1638.0,1060,924,51.0,1.79,0.6
1682,1639.0,1060,931,52.0,1.79,0.6
1683,1640.0,1060,938,53.0,1.79,0.6
1684,1641.0,1060,945,55.0,1.79,0.6
1685,1642.0,1060,952,56.0,1.79,0.6
1686,1643.0,1060,959,57.0,1.79,0.6
1687,1644.0,1060,966,58.0,1.79,0.6
1688,1645.0,1060,973,59.0,1.79,0.6
1689,1646.0,1060,980,60.0,1.79,0.6
1690,1647.0,1060,987,61.0,1.79,0.6
1691,1648.0,1060,994,62.0,1.8,0.6
1692,1649.0,1060,1001,63.0,1.8,0.6
1693,1650.0,1060,1008,64.0,1.8,0.6
1694,1651.0,1060,1015,65.0,1.8,0.6
1695,1652.0,1060,1022,66.0,1.8,0.6
1696,1653.0,1060,1029,67.0,1.8,0.6
1697,1654.0,1060,1036,68.0,1.8,0.6
1698,1655.0,1060,1043,69.0,1.8,0.6
1699,1656.0,1060,1050,69.0,1.8,0.6
1700,1657.0,1060,1057,70.0,1.8,0.6
1701,1658.0,1060,1064,71.0,1.8,0.6
1702,1659.0,1060,1071,72.0,1.8,0.6
1703,1660.0,1060,1078,73.0,1.8,0.6
1704,1661.0,1060,1085,74.0,1.8,0.6
1705,1662.0,1060,1092,74.0,1.8,0.6
1706,1663.0,1060,1099,75.0,1.8,0.6
1707,1664.0,1060,1106,76.0,1.8,0.6
1708,1665.0,1060,1113,77.0,1.8,0.6
1709,1666.0,1060,1120,77.0,1.8,0.6
1710,1667.0,1060,1127,78.0,1.8,0.6
1711,1668.0,1060,1134,79.0,1.8,0.6
1712,1669.0,1060,1141,79.0,1.8,0.6
1713,1670.0,1060,1148,80.0,1.8,0.6
1714,1671.0,1060,1155,80.0,1.8,0.6
1715,1672.0,1060,1162,81.0,1.8,0.6
1716,1673.0,1060,1169,81.0,1.8,0.6
1717,1674.0,1060,1176,82.0,1.8,0.6
1718,1675.0,1060,1183,82.0,1.8,0.6
1719,1676.0,1060,1190,83.0,1.8,0.6
1720,1677.0,1060,1197,83.0,1.8,0.6
1721,1678.0,1060,1204,84.0,1.8,0.6
1722,1679.0,1060,1211,84.0,1.8,0.6
1723,1680.0,1060,1218,85.0,1.8,0.6
1724,1681.0,1060,1225,85.0,1.8,0.6
1725,1682.0,1060,1232,86.0,1.8,0.6
1726,1683.0,1060,1239,86.0,1.8,0.6
1727,1684.0,1060,1246,86.0,1.8,0.6
1728,1685.0,1060,1253,87.0,1.8,0.6
1729,1686.0,1060,1260,87.0,1.8,0.6
1730,1687.0,1060,1267,87.0,1.8,0.6
1731,1688.0,1060,1274,88.0,1.8,0.6
1732,1689.0,1060,1281,88.0,1.8,0.6
1733,1690.0,1060,1288,88.0,1.8,0.6
1734,1691.0,1060,1295,89.0,1.8,0.6
1735,1692.0,1060,1302,89.0,1.8,0.6
1736,1693.0,1060,1309,89.0,1.8,0.6
1737,1694.0,1060,1316,89.0,1.8,0.6
1738,1695.0,1060,1323,90.0,1.8,0.6
1739,1696.0,1060,1330,90.0,1.8,0.6
1740,1697.0,1060,1337,90.0,1.8,0.6
1741,1698.0,1060,1344,90.0,1.8,0.6
1742,1699.0,1060,1351,91.0,1.8,0.6
1743,1700.0,1060,1358,91.0,1.8,0.6
1744,1701.0,1060,1365,91.0,1.8,0.6
1745,1702.0,1060,1372,91.0,1.8,0.6
1746,1703.0,1060,1379,91.0,1.8,0.6
1747,1704.0,1060,1386,91.0,1.8,0.6
1748,1705.0,1060,1393,92.0,1.8,0.6
1749,1706.0,1060,1400,92.0,1.8,0.6
1750,1707.0,1060,1407,92.0,1.8,0.6
1751,1708.0,1060,1414,92.0,1.8,0.6
1752,1709.0,1060,1421,92.0,1.8,0.6
1753,1710.0,1060,1428,92.0,1.8,0.6
1754,1711.0,1060,1435,92.0,1.8,0.6
1755,1712.0,1060,1442,93.0,1.8,0.6
1756,1713.0,1060,1449,93.0,1.8,0.6
1757,1714.0,1060,1456,93.0,1.8,0.6
1758,1715.0,1060,1463,93.0,1.8,0.6
1759,1716.0,1060,1470,93.0,1.8,0.6
1760,1717.0,1060,1477,93.0,1.8,0.6
1761,1718.0,1060,1484,93.0,1.8,0.6
1762,1719.0,1060,1491,93.0,1.8,0.6
1763,1720.0,1060,1498,93.0,1.8,0.6
1764,1721.0,1060,1505,93.0,1.8,0.6
1765,1722.0,1060,1512,93.0,1.8,0.6
1766,1723.0,1060,1519,93.0,1.8,0.6
1767,1724.0,1060,1526,94.0,1.8,0.6
1768,1725.0,1060,1533,94.0,1.8,0.6
1769,1726.0,1060,1540,94.0,1.8,0.6
1770,1727.0,1060,1547,94.0,1.8,0.6
1771,1728.0,1060,1554,94.0,1.8,0.6
1772,1729.0,1060,1561,94.0,1.8,0.6
1773,1730.0,1060,1568,94.0,1.8,0.6
1774,1731.0,1060,1575,94.0,1.8,0.6
1775,1732.0,1060,1582,94.0,1.8,0.6
1776,1733.0,1060,1589,94.0,1.8,0.6
1777,1734.0,1060,1596,94.0,1.8,0.6
1778,1735.0,1060,1603,94.0,1.8,0.6
1779,1736.0,1060,1610,94.0,1.8,0.6
1780,1737.0,1060,1617,94.0,1.8,0.6
1781,1738.0,1060,1624,94.0,1.8,0.6
1782,1739.0,1060,1631,94.0,1.8,0.6
1783,1740.0,1060,1638,94.0,1.8,0.6
1784,1741.0,1060,1645,94.0,1.8,0.6
1785,1742.0,1060,1652,94.0,1.8,0.6
1786,1743.0,1060,1659,94.0,1.8,0.6
1787,1744.0,1060,1666,94.0,1.8,0.6
1788,1745.0,1060,1673,94.0,1.8,0.6
1789,1746.0,1060,1680,94.0,1.8,0.6
1790,1747.0,1060,1687,95.0,1.8,0.6
1791,1748.0,1060,1694,95.0,1.8,0.6
1792,1749.0,1060,1701,95.0,1.8,0.6
1793,1750.0,1060,1708,95.0,1.8,0.6
1794,1751.0,1060,1715,95.0,1.8,0.6
1795,1752.0,1060,1722,95.0,1.8,0.6
1796,1753.0,1060,1729,95.0,1.8,0.6
1797,1754.0,1060,1736,95.0,1.8,0.6
1798,1755.0,1060,1743,95.0,1.8,0.6
1799,1756.0,1060,1750,95.0,1.8,0.6
1800,1757.0,1060,1757,95.0,1.8,0.6
1801,1758.0,1060,1764,95.0,1.8,0.6
1802,1759.0,1060,1771,95.0,1.8,0.6
1803,1760.0,1060,1778,95.0,1.8,0.6
1804,1761.0,1060,1785,95.0,1.8,0.6
1805,1762.0,1060,1792,95.0,1.8,0.6
1806,1763.0,1060,1799,95.0,1.8,0.6
1807,1764.0,1060,2000,95.0,1.8,0.6
1808,1765.0,1062,0,0.0,,0.0
1809,1766.0,1062,7,2.0,,0.09
1810,1767.0,1062,14,3.0,,0.14
1811,1768.0,1062,21,3.0,,0.16
1812,1769.0,1062,28,4.0,,0.18
1813,1770.0,1062,35,8.0,,0.21
1814,1771.0,1062,42,15.0,,0.24
1815,1772.0,1062,49,27.0,,0.28
1816,1773.0,1062,56,43.0,,0.32
1817,1774.0,1062,63,59.0,,0.36
1818,1775.0,1062,70,74.0,,0.41
1819,1776.0,1062,77,82.0,,0.47
1820,1777.0,1062,84,86.0,,0.53
1821,1778.0,1062,91,88.0,,0.6
1822,1779.0,1062,98,84.0,,0.69
1823,1780.0,1062,105,78.0,,0.79
1824,1781.0,1062,112,71.0,,0.89
1825,1782.0,1062,119,64.0,,1.0
1826,1783.0,1062,126,57.0,,1.13
1827,1784.0,1062,2000,57.0,,1.13
1828,1785.0,1063,0,0.0,,0.0
1829,1786.0,1063,7,6.0,,0.02
1830,1787.0,1063,14,11.0,,0.03
1831,1788.0,1063,21,20.0,,0.04
1832,1789.0,1063,28,30.0,,0.05
1833,1790.0,1063,35,40.0,,0.06
1834,1791.0,1063,42,49.0,,0.06
1835,1792.0,1063,49,54.0,,0.07
1836,1793.0,1063,56,57.0,,0.07
1837,1794.0,1063,63,59.0,,0.07
1838,1795.0,1063,70,60.0,,0.08
1839,1796.0,1063,77,60.0,,0.08
1840,1797.0,1063,84,60.0,,0.08
1841,1798.0,1063,91,61.0,,0.08
1842,1799.0,1063,98,61.0,,0.08
1843,1800.0,1063,105,61.0,,0.08
1844,1801.0,1063,112,61.0,,0.08
1845,1802.0,1063,119,61.0,,0.08
1846,1803.0,1063,2000,61.0,,0.08
1847,1804.0,1020,0,0.0,,0.0
1848,1805.0,1020,7,12.0,,0.02
1849,1806.0,1020,14,32.0,,0.04
1850,1807.0,1020,21,55.0,,0.06
1851,1808.0,1020,28,86.0,,0.08
1852,1809.0,1020,35,98.0,,0.14
1853,1810.0,1020,42,100.0,,0.19
1854,1811.0,1020,49,100.0,,0.21
1855,1812.0,1020,56,100.0,,0.21
1856,1813.0,1020,63,100.0,,0.21
1857,1814.0,1020,70,100.0,,0.21
1858,1815.0,1020,77,100.0,,0.19
1859,1816.0,1020,84,100.0,,0.17
1860,1817.0,1020,91,100.0,,0.15
1861,1818.0,1020,98,96.0,,0.13
1862,1819.0,1020,105,93.0,,0.11
1863,1820.0,1020,112,89.0,,0.09
1864,1821.0,1020,119,86.0,,0.08
1865,1822.0,1020,126,82.0,,0.07
1866,1823.0,1020,133,79.0,,0.06
1867,1824.0,1020,140,75.0,,0.05
1868,1825.0,1020,147,72.0,,0.03
1869,1826.0,1020,154,70.0,,0.03
1870,1827.0,1020,161,70.0,,0.03
1871,1828.0,1020,168,70.0,,0.03
1872,1829.0,1020,2000,70.0,,0.03
1873,1830.0,2020,0,0.0,,0.0
1874,1831.0,2020,7,12.0,,0.02
1875,1832.0,2020,14,30.0,,0.04
1876,1833.0,2020,21,48.0,,0.06
1877,1834.0,2020,28,65.0,,0.08
1878,1835.0,2020,35,70.0,,0.14
1879,1836.0,2020,42,70.0,,0.18
1880,1837.0,2020,49,70.0,,0.18
1881,1838.0,2020,56,70.0,,0.18
1882,1839.0,2020,63,70.0,,0.18
1883,1840.0,2020,70,70.0,,0.18
1884,1841.0,2020,77,68.0,,0.17
1885,1842.0,2020,84,67.0,,0.16
1886,1843.0,2020,91,65.0,,0.15
1887,1844.0,2020,98,63.0,,0.13
1888,1845.0,2020,105,61.0,,0.11
1889,1846.0,2020,112,60.0,,0.09
1890,1847.0,2020,119,60.0,,0.08
1891,1848.0,2020,126,60.0,,0.07
1892,1849.0,2020,133,60.0,,0.06
1893,1850.0,2020,140,60.0,,0.05
1894,1851.0,2020,147,60.0,,0.03
1895,1852.0,2020,154,60.0,,0.03
1896,1853.0,2020,161,60.0,,0.03
1897,1854.0,2020,168,60.0,,0.03
1898,1855.0,2020,2000,60.0,,0.03
1899,1856.0,3020,0,0.0,,0.0
1900,1857.0,3020,7,7.0,,0.018000000000000002
1901,1858.0,3020,14,10.0,,0.03
1902,1859.0,3020,21,13.0,,0.06
1903,1860.0,3020,28,14.2,,0.078
1904,1861.0,3020,35,15.0,,0.09
1905,1862.0,3020,42,15.0,,0.09
1906,1863.0,3020,49,15.0,,0.09
1907,1864.0,3020,56,15.0,,0.09
1908,1865.0,3020,63,15.0,,0.09
1909,1866.0,3020,70,15.0,,0.09
1910,1867.0,3020,77,15.0,,0.09
1911,1868.0,3020,84,15.0,,0.09
1912,1869.0,3020,91,15.0,,0.09
1913,1870.0,3020,98,15.0,,0.09
1914,1871.0,3020,105,15.0,,0.09
1915,1872.0,3020,112,15.0,,0.087
1916,1873.0,3020,119,15.0,,0.0765
1917,1874.0,3020,126,15.0,,0.066
1918,1875.0,3020,133,15.0,,0.0555
1919,1876.0,3020,140,15.0,,0.045
1920,1877.0,3020,147,15.0,,0.0345
1921,1878.0,3020,154,15.0,,0.03
1922,1879.0,3020,161,15.0,,0.03
1923,1880.0,3020,168,15.0,,0.03
